linetype	x	showSelectedlegendlinetype	PANEL	group
solid	-2	prediction	1	1
solid	-1.9748743718593	prediction	1	2
solid	-1.94974874371859	prediction	1	3
solid	-1.92462311557789	prediction	1	4
solid	-1.89949748743719	prediction	1	5
solid	-1.87437185929648	prediction	1	6
solid	-1.84924623115578	prediction	1	7
solid	-1.82412060301508	prediction	1	8
solid	-1.79899497487437	prediction	1	9
solid	-1.77386934673367	prediction	1	10
solid	-1.74874371859296	prediction	1	11
solid	-1.72361809045226	prediction	1	12
solid	-1.69849246231156	prediction	1	13
solid	-1.67336683417085	prediction	1	14
solid	-1.64824120603015	prediction	1	15
solid	-1.62311557788945	prediction	1	16
solid	-1.59798994974874	prediction	1	17
solid	-1.57286432160804	prediction	1	18
solid	-1.54773869346734	prediction	1	19
solid	-1.52261306532663	prediction	1	20
solid	-1.49748743718593	prediction	1	21
solid	-1.47236180904523	prediction	1	22
solid	-1.44723618090452	prediction	1	23
solid	-1.42211055276382	prediction	1	24
solid	-1.39698492462312	prediction	1	25
solid	-1.37185929648241	prediction	1	26
solid	-1.34673366834171	prediction	1	27
solid	-1.32160804020101	prediction	1	28
solid	-1.2964824120603	prediction	1	29
solid	-1.2713567839196	prediction	1	30
solid	-1.24623115577889	prediction	1	31
solid	-1.22110552763819	prediction	1	32
solid	-1.19597989949749	prediction	1	33
solid	-1.17085427135678	prediction	1	34
solid	-1.14572864321608	prediction	1	35
solid	-1.12060301507538	prediction	1	36
solid	-1.09547738693467	prediction	1	37
solid	-1.07035175879397	prediction	1	38
solid	-1.04522613065327	prediction	1	39
solid	-1.02010050251256	prediction	1	40
solid	-0.994974874371859	prediction	1	41
solid	-0.969849246231156	prediction	1	42
solid	-0.944723618090452	prediction	1	43
solid	-0.919597989949749	prediction	1	44
solid	-0.894472361809045	prediction	1	45
solid	-0.869346733668342	prediction	1	46
solid	-0.844221105527638	prediction	1	47
solid	-0.819095477386935	prediction	1	48
solid	-0.793969849246231	prediction	1	49
solid	-0.768844221105528	prediction	1	50
solid	-0.743718592964824	prediction	1	51
solid	-0.71859296482412	prediction	1	52
solid	-0.693467336683417	prediction	1	53
solid	-0.668341708542713	prediction	1	54
solid	-0.64321608040201	prediction	1	55
solid	-0.618090452261306	prediction	1	56
solid	-0.592964824120603	prediction	1	57
solid	-0.567839195979899	prediction	1	58
solid	-0.542713567839196	prediction	1	59
solid	-0.517587939698492	prediction	1	60
solid	-0.492462311557789	prediction	1	61
solid	-0.467336683417085	prediction	1	62
solid	-0.442211055276382	prediction	1	63
solid	-0.417085427135678	prediction	1	64
solid	-0.391959798994975	prediction	1	65
solid	-0.366834170854271	prediction	1	66
solid	-0.341708542713568	prediction	1	67
solid	-0.316582914572864	prediction	1	68
solid	-0.291457286432161	prediction	1	69
solid	-0.266331658291457	prediction	1	70
solid	-0.241206030150754	prediction	1	71
solid	-0.21608040201005	prediction	1	72
solid	-0.190954773869347	prediction	1	73
solid	-0.165829145728643	prediction	1	74
solid	-0.14070351758794	prediction	1	75
solid	-0.115577889447236	prediction	1	76
solid	-0.0904522613065326	prediction	1	77
solid	-0.0653266331658291	prediction	1	78
solid	-0.0402010050251256	prediction	1	79
solid	-0.0150753768844221	prediction	1	80
solid	0.0100502512562817	prediction	1	81
solid	0.0351758793969852	prediction	1	82
solid	0.0603015075376887	prediction	1	83
solid	0.0854271356783922	prediction	1	84
solid	0.110552763819096	prediction	1	85
solid	0.135678391959799	prediction	1	86
solid	0.160804020100503	prediction	1	87
solid	0.185929648241206	prediction	1	88
solid	0.21105527638191	prediction	1	89
solid	0.236180904522613	prediction	1	90
solid	0.261306532663317	prediction	1	91
solid	0.28643216080402	prediction	1	92
solid	0.311557788944724	prediction	1	93
solid	0.336683417085427	prediction	1	94
solid	0.361809045226131	prediction	1	95
solid	0.386934673366834	prediction	1	96
solid	0.412060301507538	prediction	1	97
solid	0.437185929648241	prediction	1	98
solid	0.462311557788945	prediction	1	99
solid	0.487437185929648	prediction	1	100
solid	0.512562814070352	prediction	1	101
solid	0.537688442211055	prediction	1	102
solid	0.562814070351759	prediction	1	103
solid	0.587939698492463	prediction	1	104
solid	0.613065326633166	prediction	1	105
solid	0.63819095477387	prediction	1	106
solid	0.663316582914573	prediction	1	107
solid	0.688442211055277	prediction	1	108
solid	0.71356783919598	prediction	1	109
solid	0.738693467336684	prediction	1	110
solid	0.763819095477387	prediction	1	111
solid	0.788944723618091	prediction	1	112
solid	0.814070351758794	prediction	1	113
solid	0.839195979899498	prediction	1	114
solid	0.864321608040201	prediction	1	115
solid	0.889447236180905	prediction	1	116
solid	0.914572864321608	prediction	1	117
solid	0.939698492462312	prediction	1	118
solid	0.964824120603015	prediction	1	119
solid	0.989949748743719	prediction	1	120
solid	1.01507537688442	prediction	1	121
solid	1.04020100502513	prediction	1	122
solid	1.06532663316583	prediction	1	123
solid	1.09045226130653	prediction	1	124
solid	1.11557788944724	prediction	1	125
solid	1.14070351758794	prediction	1	126
solid	1.16582914572864	prediction	1	127
solid	1.19095477386935	prediction	1	128
solid	1.21608040201005	prediction	1	129
solid	1.24120603015075	prediction	1	130
solid	1.26633165829146	prediction	1	131
solid	1.29145728643216	prediction	1	132
solid	1.31658291457286	prediction	1	133
solid	1.34170854271357	prediction	1	134
solid	1.36683417085427	prediction	1	135
solid	1.39195979899498	prediction	1	136
solid	1.41708542713568	prediction	1	137
solid	1.44221105527638	prediction	1	138
solid	1.46733668341709	prediction	1	139
solid	1.49246231155779	prediction	1	140
solid	1.51758793969849	prediction	1	141
solid	1.5427135678392	prediction	1	142
solid	1.5678391959799	prediction	1	143
solid	1.5929648241206	prediction	1	144
solid	1.61809045226131	prediction	1	145
solid	1.64321608040201	prediction	1	146
solid	1.66834170854271	prediction	1	147
solid	1.69346733668342	prediction	1	148
solid	1.71859296482412	prediction	1	149
solid	1.74371859296482	prediction	1	150
solid	1.76884422110553	prediction	1	151
solid	1.79396984924623	prediction	1	152
solid	1.81909547738693	prediction	1	153
solid	1.84422110552764	prediction	1	154
solid	1.86934673366834	prediction	1	155
solid	1.89447236180905	prediction	1	156
solid	1.91959798994975	prediction	1	157
solid	1.94472361809045	prediction	1	158
solid	1.96984924623116	prediction	1	159
solid	1.99497487437186	prediction	1	160
solid	2.02010050251256	prediction	1	161
solid	2.04522613065327	prediction	1	162
solid	2.07035175879397	prediction	1	163
solid	2.09547738693467	prediction	1	164
solid	2.12060301507538	prediction	1	165
solid	2.14572864321608	prediction	1	166
solid	2.17085427135678	prediction	1	167
solid	2.19597989949749	prediction	1	168
solid	2.22110552763819	prediction	1	169
solid	2.24623115577889	prediction	1	170
solid	2.2713567839196	prediction	1	171
solid	2.2964824120603	prediction	1	172
solid	2.32160804020101	prediction	1	173
solid	2.34673366834171	prediction	1	174
solid	2.37185929648241	prediction	1	175
solid	2.39698492462312	prediction	1	176
solid	2.42211055276382	prediction	1	177
solid	2.44723618090452	prediction	1	178
solid	2.47236180904523	prediction	1	179
solid	2.49748743718593	prediction	1	180
solid	2.52261306532663	prediction	1	181
solid	2.54773869346734	prediction	1	182
solid	2.57286432160804	prediction	1	183
solid	2.59798994974874	prediction	1	184
solid	2.62311557788945	prediction	1	185
solid	2.64824120603015	prediction	1	186
solid	2.67336683417085	prediction	1	187
solid	2.69849246231156	prediction	1	188
solid	2.72361809045226	prediction	1	189
solid	2.74874371859296	prediction	1	190
solid	2.77386934673367	prediction	1	191
solid	2.79899497487437	prediction	1	192
solid	2.82412060301508	prediction	1	193
solid	2.84924623115578	prediction	1	194
solid	2.87437185929648	prediction	1	195
solid	2.89949748743719	prediction	1	196
solid	2.92462311557789	prediction	1	197
solid	2.94974874371859	prediction	1	198
solid	2.9748743718593	prediction	1	199
solid	3	prediction	1	200
solid	-2	prediction	2	201
solid	-1.9748743718593	prediction	2	202
solid	-1.94974874371859	prediction	2	203
solid	-1.92462311557789	prediction	2	204
solid	-1.89949748743719	prediction	2	205
solid	-1.87437185929648	prediction	2	206
solid	-1.84924623115578	prediction	2	207
solid	-1.82412060301508	prediction	2	208
solid	-1.79899497487437	prediction	2	209
solid	-1.77386934673367	prediction	2	210
solid	-1.74874371859296	prediction	2	211
solid	-1.72361809045226	prediction	2	212
solid	-1.69849246231156	prediction	2	213
solid	-1.67336683417085	prediction	2	214
solid	-1.64824120603015	prediction	2	215
solid	-1.62311557788945	prediction	2	216
solid	-1.59798994974874	prediction	2	217
solid	-1.57286432160804	prediction	2	218
solid	-1.54773869346734	prediction	2	219
solid	-1.52261306532663	prediction	2	220
solid	-1.49748743718593	prediction	2	221
solid	-1.47236180904523	prediction	2	222
solid	-1.44723618090452	prediction	2	223
solid	-1.42211055276382	prediction	2	224
solid	-1.39698492462312	prediction	2	225
solid	-1.37185929648241	prediction	2	226
solid	-1.34673366834171	prediction	2	227
solid	-1.32160804020101	prediction	2	228
solid	-1.2964824120603	prediction	2	229
solid	-1.2713567839196	prediction	2	230
solid	-1.24623115577889	prediction	2	231
solid	-1.22110552763819	prediction	2	232
solid	-1.19597989949749	prediction	2	233
solid	-1.17085427135678	prediction	2	234
solid	-1.14572864321608	prediction	2	235
solid	-1.12060301507538	prediction	2	236
solid	-1.09547738693467	prediction	2	237
solid	-1.07035175879397	prediction	2	238
solid	-1.04522613065327	prediction	2	239
solid	-1.02010050251256	prediction	2	240
solid	-0.994974874371859	prediction	2	241
solid	-0.969849246231156	prediction	2	242
solid	-0.944723618090452	prediction	2	243
solid	-0.919597989949749	prediction	2	244
solid	-0.894472361809045	prediction	2	245
solid	-0.869346733668342	prediction	2	246
solid	-0.844221105527638	prediction	2	247
solid	-0.819095477386935	prediction	2	248
solid	-0.793969849246231	prediction	2	249
solid	-0.768844221105528	prediction	2	250
solid	-0.743718592964824	prediction	2	251
solid	-0.71859296482412	prediction	2	252
solid	-0.693467336683417	prediction	2	253
solid	-0.668341708542713	prediction	2	254
solid	-0.64321608040201	prediction	2	255
solid	-0.618090452261306	prediction	2	256
solid	-0.592964824120603	prediction	2	257
solid	-0.567839195979899	prediction	2	258
solid	-0.542713567839196	prediction	2	259
solid	-0.517587939698492	prediction	2	260
solid	-0.492462311557789	prediction	2	261
solid	-0.467336683417085	prediction	2	262
solid	-0.442211055276382	prediction	2	263
solid	-0.417085427135678	prediction	2	264
solid	-0.391959798994975	prediction	2	265
solid	-0.366834170854271	prediction	2	266
solid	-0.341708542713568	prediction	2	267
solid	-0.316582914572864	prediction	2	268
solid	-0.291457286432161	prediction	2	269
solid	-0.266331658291457	prediction	2	270
solid	-0.241206030150754	prediction	2	271
solid	-0.21608040201005	prediction	2	272
solid	-0.190954773869347	prediction	2	273
solid	-0.165829145728643	prediction	2	274
solid	-0.14070351758794	prediction	2	275
solid	-0.115577889447236	prediction	2	276
solid	-0.0904522613065326	prediction	2	277
solid	-0.0653266331658291	prediction	2	278
solid	-0.0402010050251256	prediction	2	279
solid	-0.0150753768844221	prediction	2	280
solid	0.0100502512562817	prediction	2	281
solid	0.0351758793969852	prediction	2	282
solid	0.0603015075376887	prediction	2	283
solid	0.0854271356783922	prediction	2	284
solid	0.110552763819096	prediction	2	285
solid	0.135678391959799	prediction	2	286
solid	0.160804020100503	prediction	2	287
solid	0.185929648241206	prediction	2	288
solid	0.21105527638191	prediction	2	289
solid	0.236180904522613	prediction	2	290
solid	0.261306532663317	prediction	2	291
solid	0.28643216080402	prediction	2	292
solid	0.311557788944724	prediction	2	293
solid	0.336683417085427	prediction	2	294
solid	0.361809045226131	prediction	2	295
solid	0.386934673366834	prediction	2	296
solid	0.412060301507538	prediction	2	297
solid	0.437185929648241	prediction	2	298
solid	0.462311557788945	prediction	2	299
solid	0.487437185929648	prediction	2	300
solid	0.512562814070352	prediction	2	301
solid	0.537688442211055	prediction	2	302
solid	0.562814070351759	prediction	2	303
solid	0.587939698492463	prediction	2	304
solid	0.613065326633166	prediction	2	305
solid	0.63819095477387	prediction	2	306
solid	0.663316582914573	prediction	2	307
solid	0.688442211055277	prediction	2	308
solid	0.71356783919598	prediction	2	309
solid	0.738693467336684	prediction	2	310
solid	0.763819095477387	prediction	2	311
solid	0.788944723618091	prediction	2	312
solid	0.814070351758794	prediction	2	313
solid	0.839195979899498	prediction	2	314
solid	0.864321608040201	prediction	2	315
solid	0.889447236180905	prediction	2	316
solid	0.914572864321608	prediction	2	317
solid	0.939698492462312	prediction	2	318
solid	0.964824120603015	prediction	2	319
solid	0.989949748743719	prediction	2	320
solid	1.01507537688442	prediction	2	321
solid	1.04020100502513	prediction	2	322
solid	1.06532663316583	prediction	2	323
solid	1.09045226130653	prediction	2	324
solid	1.11557788944724	prediction	2	325
solid	1.14070351758794	prediction	2	326
solid	1.16582914572864	prediction	2	327
solid	1.19095477386935	prediction	2	328
solid	1.21608040201005	prediction	2	329
solid	1.24120603015075	prediction	2	330
solid	1.26633165829146	prediction	2	331
solid	1.29145728643216	prediction	2	332
solid	1.31658291457286	prediction	2	333
solid	1.34170854271357	prediction	2	334
solid	1.36683417085427	prediction	2	335
solid	1.39195979899498	prediction	2	336
solid	1.41708542713568	prediction	2	337
solid	1.44221105527638	prediction	2	338
solid	1.46733668341709	prediction	2	339
solid	1.49246231155779	prediction	2	340
solid	1.51758793969849	prediction	2	341
solid	1.5427135678392	prediction	2	342
solid	1.5678391959799	prediction	2	343
solid	1.5929648241206	prediction	2	344
solid	1.61809045226131	prediction	2	345
solid	1.64321608040201	prediction	2	346
solid	1.66834170854271	prediction	2	347
solid	1.69346733668342	prediction	2	348
solid	1.71859296482412	prediction	2	349
solid	1.74371859296482	prediction	2	350
solid	1.76884422110553	prediction	2	351
solid	1.79396984924623	prediction	2	352
solid	1.81909547738693	prediction	2	353
solid	1.84422110552764	prediction	2	354
solid	1.86934673366834	prediction	2	355
solid	1.89447236180905	prediction	2	356
solid	1.91959798994975	prediction	2	357
solid	1.94472361809045	prediction	2	358
solid	1.96984924623116	prediction	2	359
solid	1.99497487437186	prediction	2	360
solid	2.02010050251256	prediction	2	361
solid	2.04522613065327	prediction	2	362
solid	2.07035175879397	prediction	2	363
solid	2.09547738693467	prediction	2	364
solid	2.12060301507538	prediction	2	365
solid	2.14572864321608	prediction	2	366
solid	2.17085427135678	prediction	2	367
solid	2.19597989949749	prediction	2	368
solid	2.22110552763819	prediction	2	369
solid	2.24623115577889	prediction	2	370
solid	2.2713567839196	prediction	2	371
solid	2.2964824120603	prediction	2	372
solid	2.32160804020101	prediction	2	373
solid	2.34673366834171	prediction	2	374
solid	2.37185929648241	prediction	2	375
solid	2.39698492462312	prediction	2	376
solid	2.42211055276382	prediction	2	377
solid	2.44723618090452	prediction	2	378
solid	2.47236180904523	prediction	2	379
solid	2.49748743718593	prediction	2	380
solid	2.52261306532663	prediction	2	381
solid	2.54773869346734	prediction	2	382
solid	2.57286432160804	prediction	2	383
solid	2.59798994974874	prediction	2	384
solid	2.62311557788945	prediction	2	385
solid	2.64824120603015	prediction	2	386
solid	2.67336683417085	prediction	2	387
solid	2.69849246231156	prediction	2	388
solid	2.72361809045226	prediction	2	389
solid	2.74874371859296	prediction	2	390
solid	2.77386934673367	prediction	2	391
solid	2.79899497487437	prediction	2	392
solid	2.82412060301508	prediction	2	393
solid	2.84924623115578	prediction	2	394
solid	2.87437185929648	prediction	2	395
solid	2.89949748743719	prediction	2	396
solid	2.92462311557789	prediction	2	397
solid	2.94974874371859	prediction	2	398
solid	2.9748743718593	prediction	2	399
solid	3	prediction	2	400
solid	-2	prediction	3	401
solid	-1.9748743718593	prediction	3	402
solid	-1.94974874371859	prediction	3	403
solid	-1.92462311557789	prediction	3	404
solid	-1.89949748743719	prediction	3	405
solid	-1.87437185929648	prediction	3	406
solid	-1.84924623115578	prediction	3	407
solid	-1.82412060301508	prediction	3	408
solid	-1.79899497487437	prediction	3	409
solid	-1.77386934673367	prediction	3	410
solid	-1.74874371859296	prediction	3	411
solid	-1.72361809045226	prediction	3	412
solid	-1.69849246231156	prediction	3	413
solid	-1.67336683417085	prediction	3	414
solid	-1.64824120603015	prediction	3	415
solid	-1.62311557788945	prediction	3	416
solid	-1.59798994974874	prediction	3	417
solid	-1.57286432160804	prediction	3	418
solid	-1.54773869346734	prediction	3	419
solid	-1.52261306532663	prediction	3	420
solid	-1.49748743718593	prediction	3	421
solid	-1.47236180904523	prediction	3	422
solid	-1.44723618090452	prediction	3	423
solid	-1.42211055276382	prediction	3	424
solid	-1.39698492462312	prediction	3	425
solid	-1.37185929648241	prediction	3	426
solid	-1.34673366834171	prediction	3	427
solid	-1.32160804020101	prediction	3	428
solid	-1.2964824120603	prediction	3	429
solid	-1.2713567839196	prediction	3	430
solid	-1.24623115577889	prediction	3	431
solid	-1.22110552763819	prediction	3	432
solid	-1.19597989949749	prediction	3	433
solid	-1.17085427135678	prediction	3	434
solid	-1.14572864321608	prediction	3	435
solid	-1.12060301507538	prediction	3	436
solid	-1.09547738693467	prediction	3	437
solid	-1.07035175879397	prediction	3	438
solid	-1.04522613065327	prediction	3	439
solid	-1.02010050251256	prediction	3	440
solid	-0.994974874371859	prediction	3	441
solid	-0.969849246231156	prediction	3	442
solid	-0.944723618090452	prediction	3	443
solid	-0.919597989949749	prediction	3	444
solid	-0.894472361809045	prediction	3	445
solid	-0.869346733668342	prediction	3	446
solid	-0.844221105527638	prediction	3	447
solid	-0.819095477386935	prediction	3	448
solid	-0.793969849246231	prediction	3	449
solid	-0.768844221105528	prediction	3	450
solid	-0.743718592964824	prediction	3	451
solid	-0.71859296482412	prediction	3	452
solid	-0.693467336683417	prediction	3	453
solid	-0.668341708542713	prediction	3	454
solid	-0.64321608040201	prediction	3	455
solid	-0.618090452261306	prediction	3	456
solid	-0.592964824120603	prediction	3	457
solid	-0.567839195979899	prediction	3	458
solid	-0.542713567839196	prediction	3	459
solid	-0.517587939698492	prediction	3	460
solid	-0.492462311557789	prediction	3	461
solid	-0.467336683417085	prediction	3	462
solid	-0.442211055276382	prediction	3	463
solid	-0.417085427135678	prediction	3	464
solid	-0.391959798994975	prediction	3	465
solid	-0.366834170854271	prediction	3	466
solid	-0.341708542713568	prediction	3	467
solid	-0.316582914572864	prediction	3	468
solid	-0.291457286432161	prediction	3	469
solid	-0.266331658291457	prediction	3	470
solid	-0.241206030150754	prediction	3	471
solid	-0.21608040201005	prediction	3	472
solid	-0.190954773869347	prediction	3	473
solid	-0.165829145728643	prediction	3	474
solid	-0.14070351758794	prediction	3	475
solid	-0.115577889447236	prediction	3	476
solid	-0.0904522613065326	prediction	3	477
solid	-0.0653266331658291	prediction	3	478
solid	-0.0402010050251256	prediction	3	479
solid	-0.0150753768844221	prediction	3	480
solid	0.0100502512562817	prediction	3	481
solid	0.0351758793969852	prediction	3	482
solid	0.0603015075376887	prediction	3	483
solid	0.0854271356783922	prediction	3	484
solid	0.110552763819096	prediction	3	485
solid	0.135678391959799	prediction	3	486
solid	0.160804020100503	prediction	3	487
solid	0.185929648241206	prediction	3	488
solid	0.21105527638191	prediction	3	489
solid	0.236180904522613	prediction	3	490
solid	0.261306532663317	prediction	3	491
solid	0.28643216080402	prediction	3	492
solid	0.311557788944724	prediction	3	493
solid	0.336683417085427	prediction	3	494
solid	0.361809045226131	prediction	3	495
solid	0.386934673366834	prediction	3	496
solid	0.412060301507538	prediction	3	497
solid	0.437185929648241	prediction	3	498
solid	0.462311557788945	prediction	3	499
solid	0.487437185929648	prediction	3	500
solid	0.512562814070352	prediction	3	501
solid	0.537688442211055	prediction	3	502
solid	0.562814070351759	prediction	3	503
solid	0.587939698492463	prediction	3	504
solid	0.613065326633166	prediction	3	505
solid	0.63819095477387	prediction	3	506
solid	0.663316582914573	prediction	3	507
solid	0.688442211055277	prediction	3	508
solid	0.71356783919598	prediction	3	509
solid	0.738693467336684	prediction	3	510
solid	0.763819095477387	prediction	3	511
solid	0.788944723618091	prediction	3	512
solid	0.814070351758794	prediction	3	513
solid	0.839195979899498	prediction	3	514
solid	0.864321608040201	prediction	3	515
solid	0.889447236180905	prediction	3	516
solid	0.914572864321608	prediction	3	517
solid	0.939698492462312	prediction	3	518
solid	0.964824120603015	prediction	3	519
solid	0.989949748743719	prediction	3	520
solid	1.01507537688442	prediction	3	521
solid	1.04020100502513	prediction	3	522
solid	1.06532663316583	prediction	3	523
solid	1.09045226130653	prediction	3	524
solid	1.11557788944724	prediction	3	525
solid	1.14070351758794	prediction	3	526
solid	1.16582914572864	prediction	3	527
solid	1.19095477386935	prediction	3	528
solid	1.21608040201005	prediction	3	529
solid	1.24120603015075	prediction	3	530
solid	1.26633165829146	prediction	3	531
solid	1.29145728643216	prediction	3	532
solid	1.31658291457286	prediction	3	533
solid	1.34170854271357	prediction	3	534
solid	1.36683417085427	prediction	3	535
solid	1.39195979899498	prediction	3	536
solid	1.41708542713568	prediction	3	537
solid	1.44221105527638	prediction	3	538
solid	1.46733668341709	prediction	3	539
solid	1.49246231155779	prediction	3	540
solid	1.51758793969849	prediction	3	541
solid	1.5427135678392	prediction	3	542
solid	1.5678391959799	prediction	3	543
solid	1.5929648241206	prediction	3	544
solid	1.61809045226131	prediction	3	545
solid	1.64321608040201	prediction	3	546
solid	1.66834170854271	prediction	3	547
solid	1.69346733668342	prediction	3	548
solid	1.71859296482412	prediction	3	549
solid	1.74371859296482	prediction	3	550
solid	1.76884422110553	prediction	3	551
solid	1.79396984924623	prediction	3	552
solid	1.81909547738693	prediction	3	553
solid	1.84422110552764	prediction	3	554
solid	1.86934673366834	prediction	3	555
solid	1.89447236180905	prediction	3	556
solid	1.91959798994975	prediction	3	557
solid	1.94472361809045	prediction	3	558
solid	1.96984924623116	prediction	3	559
solid	1.99497487437186	prediction	3	560
solid	2.02010050251256	prediction	3	561
solid	2.04522613065327	prediction	3	562
solid	2.07035175879397	prediction	3	563
solid	2.09547738693467	prediction	3	564
solid	2.12060301507538	prediction	3	565
solid	2.14572864321608	prediction	3	566
solid	2.17085427135678	prediction	3	567
solid	2.19597989949749	prediction	3	568
solid	2.22110552763819	prediction	3	569
solid	2.24623115577889	prediction	3	570
solid	2.2713567839196	prediction	3	571
solid	2.2964824120603	prediction	3	572
solid	2.32160804020101	prediction	3	573
solid	2.34673366834171	prediction	3	574
solid	2.37185929648241	prediction	3	575
solid	2.39698492462312	prediction	3	576
solid	2.42211055276382	prediction	3	577
solid	2.44723618090452	prediction	3	578
solid	2.47236180904523	prediction	3	579
solid	2.49748743718593	prediction	3	580
solid	2.52261306532663	prediction	3	581
solid	2.54773869346734	prediction	3	582
solid	2.57286432160804	prediction	3	583
solid	2.59798994974874	prediction	3	584
solid	2.62311557788945	prediction	3	585
solid	2.64824120603015	prediction	3	586
solid	2.67336683417085	prediction	3	587
solid	2.69849246231156	prediction	3	588
solid	2.72361809045226	prediction	3	589
solid	2.74874371859296	prediction	3	590
solid	2.77386934673367	prediction	3	591
solid	2.79899497487437	prediction	3	592
solid	2.82412060301508	prediction	3	593
solid	2.84924623115578	prediction	3	594
solid	2.87437185929648	prediction	3	595
solid	2.89949748743719	prediction	3	596
solid	2.92462311557789	prediction	3	597
solid	2.94974874371859	prediction	3	598
solid	2.9748743718593	prediction	3	599
solid	3	prediction	3	600
solid	-2	prediction	4	601
solid	-1.9748743718593	prediction	4	602
solid	-1.94974874371859	prediction	4	603
solid	-1.92462311557789	prediction	4	604
solid	-1.89949748743719	prediction	4	605
solid	-1.87437185929648	prediction	4	606
solid	-1.84924623115578	prediction	4	607
solid	-1.82412060301508	prediction	4	608
solid	-1.79899497487437	prediction	4	609
solid	-1.77386934673367	prediction	4	610
solid	-1.74874371859296	prediction	4	611
solid	-1.72361809045226	prediction	4	612
solid	-1.69849246231156	prediction	4	613
solid	-1.67336683417085	prediction	4	614
solid	-1.64824120603015	prediction	4	615
solid	-1.62311557788945	prediction	4	616
solid	-1.59798994974874	prediction	4	617
solid	-1.57286432160804	prediction	4	618
solid	-1.54773869346734	prediction	4	619
solid	-1.52261306532663	prediction	4	620
solid	-1.49748743718593	prediction	4	621
solid	-1.47236180904523	prediction	4	622
solid	-1.44723618090452	prediction	4	623
solid	-1.42211055276382	prediction	4	624
solid	-1.39698492462312	prediction	4	625
solid	-1.37185929648241	prediction	4	626
solid	-1.34673366834171	prediction	4	627
solid	-1.32160804020101	prediction	4	628
solid	-1.2964824120603	prediction	4	629
solid	-1.2713567839196	prediction	4	630
solid	-1.24623115577889	prediction	4	631
solid	-1.22110552763819	prediction	4	632
solid	-1.19597989949749	prediction	4	633
solid	-1.17085427135678	prediction	4	634
solid	-1.14572864321608	prediction	4	635
solid	-1.12060301507538	prediction	4	636
solid	-1.09547738693467	prediction	4	637
solid	-1.07035175879397	prediction	4	638
solid	-1.04522613065327	prediction	4	639
solid	-1.02010050251256	prediction	4	640
solid	-0.994974874371859	prediction	4	641
solid	-0.969849246231156	prediction	4	642
solid	-0.944723618090452	prediction	4	643
solid	-0.919597989949749	prediction	4	644
solid	-0.894472361809045	prediction	4	645
solid	-0.869346733668342	prediction	4	646
solid	-0.844221105527638	prediction	4	647
solid	-0.819095477386935	prediction	4	648
solid	-0.793969849246231	prediction	4	649
solid	-0.768844221105528	prediction	4	650
solid	-0.743718592964824	prediction	4	651
solid	-0.71859296482412	prediction	4	652
solid	-0.693467336683417	prediction	4	653
solid	-0.668341708542713	prediction	4	654
solid	-0.64321608040201	prediction	4	655
solid	-0.618090452261306	prediction	4	656
solid	-0.592964824120603	prediction	4	657
solid	-0.567839195979899	prediction	4	658
solid	-0.542713567839196	prediction	4	659
solid	-0.517587939698492	prediction	4	660
solid	-0.492462311557789	prediction	4	661
solid	-0.467336683417085	prediction	4	662
solid	-0.442211055276382	prediction	4	663
solid	-0.417085427135678	prediction	4	664
solid	-0.391959798994975	prediction	4	665
solid	-0.366834170854271	prediction	4	666
solid	-0.341708542713568	prediction	4	667
solid	-0.316582914572864	prediction	4	668
solid	-0.291457286432161	prediction	4	669
solid	-0.266331658291457	prediction	4	670
solid	-0.241206030150754	prediction	4	671
solid	-0.21608040201005	prediction	4	672
solid	-0.190954773869347	prediction	4	673
solid	-0.165829145728643	prediction	4	674
solid	-0.14070351758794	prediction	4	675
solid	-0.115577889447236	prediction	4	676
solid	-0.0904522613065326	prediction	4	677
solid	-0.0653266331658291	prediction	4	678
solid	-0.0402010050251256	prediction	4	679
solid	-0.0150753768844221	prediction	4	680
solid	0.0100502512562817	prediction	4	681
solid	0.0351758793969852	prediction	4	682
solid	0.0603015075376887	prediction	4	683
solid	0.0854271356783922	prediction	4	684
solid	0.110552763819096	prediction	4	685
solid	0.135678391959799	prediction	4	686
solid	0.160804020100503	prediction	4	687
solid	0.185929648241206	prediction	4	688
solid	0.21105527638191	prediction	4	689
solid	0.236180904522613	prediction	4	690
solid	0.261306532663317	prediction	4	691
solid	0.28643216080402	prediction	4	692
solid	0.311557788944724	prediction	4	693
solid	0.336683417085427	prediction	4	694
solid	0.361809045226131	prediction	4	695
solid	0.386934673366834	prediction	4	696
solid	0.412060301507538	prediction	4	697
solid	0.437185929648241	prediction	4	698
solid	0.462311557788945	prediction	4	699
solid	0.487437185929648	prediction	4	700
solid	0.512562814070352	prediction	4	701
solid	0.537688442211055	prediction	4	702
solid	0.562814070351759	prediction	4	703
solid	0.587939698492463	prediction	4	704
solid	0.613065326633166	prediction	4	705
solid	0.63819095477387	prediction	4	706
solid	0.663316582914573	prediction	4	707
solid	0.688442211055277	prediction	4	708
solid	0.71356783919598	prediction	4	709
solid	0.738693467336684	prediction	4	710
solid	0.763819095477387	prediction	4	711
solid	0.788944723618091	prediction	4	712
solid	0.814070351758794	prediction	4	713
solid	0.839195979899498	prediction	4	714
solid	0.864321608040201	prediction	4	715
solid	0.889447236180905	prediction	4	716
solid	0.914572864321608	prediction	4	717
solid	0.939698492462312	prediction	4	718
solid	0.964824120603015	prediction	4	719
solid	0.989949748743719	prediction	4	720
solid	1.01507537688442	prediction	4	721
solid	1.04020100502513	prediction	4	722
solid	1.06532663316583	prediction	4	723
solid	1.09045226130653	prediction	4	724
solid	1.11557788944724	prediction	4	725
solid	1.14070351758794	prediction	4	726
solid	1.16582914572864	prediction	4	727
solid	1.19095477386935	prediction	4	728
solid	1.21608040201005	prediction	4	729
solid	1.24120603015075	prediction	4	730
solid	1.26633165829146	prediction	4	731
solid	1.29145728643216	prediction	4	732
solid	1.31658291457286	prediction	4	733
solid	1.34170854271357	prediction	4	734
solid	1.36683417085427	prediction	4	735
solid	1.39195979899498	prediction	4	736
solid	1.41708542713568	prediction	4	737
solid	1.44221105527638	prediction	4	738
solid	1.46733668341709	prediction	4	739
solid	1.49246231155779	prediction	4	740
solid	1.51758793969849	prediction	4	741
solid	1.5427135678392	prediction	4	742
solid	1.5678391959799	prediction	4	743
solid	1.5929648241206	prediction	4	744
solid	1.61809045226131	prediction	4	745
solid	1.64321608040201	prediction	4	746
solid	1.66834170854271	prediction	4	747
solid	1.69346733668342	prediction	4	748
solid	1.71859296482412	prediction	4	749
solid	1.74371859296482	prediction	4	750
solid	1.76884422110553	prediction	4	751
solid	1.79396984924623	prediction	4	752
solid	1.81909547738693	prediction	4	753
solid	1.84422110552764	prediction	4	754
solid	1.86934673366834	prediction	4	755
solid	1.89447236180905	prediction	4	756
solid	1.91959798994975	prediction	4	757
solid	1.94472361809045	prediction	4	758
solid	1.96984924623116	prediction	4	759
solid	1.99497487437186	prediction	4	760
solid	2.02010050251256	prediction	4	761
solid	2.04522613065327	prediction	4	762
solid	2.07035175879397	prediction	4	763
solid	2.09547738693467	prediction	4	764
solid	2.12060301507538	prediction	4	765
solid	2.14572864321608	prediction	4	766
solid	2.17085427135678	prediction	4	767
solid	2.19597989949749	prediction	4	768
solid	2.22110552763819	prediction	4	769
solid	2.24623115577889	prediction	4	770
solid	2.2713567839196	prediction	4	771
solid	2.2964824120603	prediction	4	772
solid	2.32160804020101	prediction	4	773
solid	2.34673366834171	prediction	4	774
solid	2.37185929648241	prediction	4	775
solid	2.39698492462312	prediction	4	776
solid	2.42211055276382	prediction	4	777
solid	2.44723618090452	prediction	4	778
solid	2.47236180904523	prediction	4	779
solid	2.49748743718593	prediction	4	780
solid	2.52261306532663	prediction	4	781
solid	2.54773869346734	prediction	4	782
solid	2.57286432160804	prediction	4	783
solid	2.59798994974874	prediction	4	784
solid	2.62311557788945	prediction	4	785
solid	2.64824120603015	prediction	4	786
solid	2.67336683417085	prediction	4	787
solid	2.69849246231156	prediction	4	788
solid	2.72361809045226	prediction	4	789
solid	2.74874371859296	prediction	4	790
solid	2.77386934673367	prediction	4	791
solid	2.79899497487437	prediction	4	792
solid	2.82412060301508	prediction	4	793
solid	2.84924623115578	prediction	4	794
solid	2.87437185929648	prediction	4	795
solid	2.89949748743719	prediction	4	796
solid	2.92462311557789	prediction	4	797
solid	2.94974874371859	prediction	4	798
solid	2.9748743718593	prediction	4	799
solid	3	prediction	4	800
solid	-2	prediction	5	801
solid	-1.9748743718593	prediction	5	802
solid	-1.94974874371859	prediction	5	803
solid	-1.92462311557789	prediction	5	804
solid	-1.89949748743719	prediction	5	805
solid	-1.87437185929648	prediction	5	806
solid	-1.84924623115578	prediction	5	807
solid	-1.82412060301508	prediction	5	808
solid	-1.79899497487437	prediction	5	809
solid	-1.77386934673367	prediction	5	810
solid	-1.74874371859296	prediction	5	811
solid	-1.72361809045226	prediction	5	812
solid	-1.69849246231156	prediction	5	813
solid	-1.67336683417085	prediction	5	814
solid	-1.64824120603015	prediction	5	815
solid	-1.62311557788945	prediction	5	816
solid	-1.59798994974874	prediction	5	817
solid	-1.57286432160804	prediction	5	818
solid	-1.54773869346734	prediction	5	819
solid	-1.52261306532663	prediction	5	820
solid	-1.49748743718593	prediction	5	821
solid	-1.47236180904523	prediction	5	822
solid	-1.44723618090452	prediction	5	823
solid	-1.42211055276382	prediction	5	824
solid	-1.39698492462312	prediction	5	825
solid	-1.37185929648241	prediction	5	826
solid	-1.34673366834171	prediction	5	827
solid	-1.32160804020101	prediction	5	828
solid	-1.2964824120603	prediction	5	829
solid	-1.2713567839196	prediction	5	830
solid	-1.24623115577889	prediction	5	831
solid	-1.22110552763819	prediction	5	832
solid	-1.19597989949749	prediction	5	833
solid	-1.17085427135678	prediction	5	834
solid	-1.14572864321608	prediction	5	835
solid	-1.12060301507538	prediction	5	836
solid	-1.09547738693467	prediction	5	837
solid	-1.07035175879397	prediction	5	838
solid	-1.04522613065327	prediction	5	839
solid	-1.02010050251256	prediction	5	840
solid	-0.994974874371859	prediction	5	841
solid	-0.969849246231156	prediction	5	842
solid	-0.944723618090452	prediction	5	843
solid	-0.919597989949749	prediction	5	844
solid	-0.894472361809045	prediction	5	845
solid	-0.869346733668342	prediction	5	846
solid	-0.844221105527638	prediction	5	847
solid	-0.819095477386935	prediction	5	848
solid	-0.793969849246231	prediction	5	849
solid	-0.768844221105528	prediction	5	850
solid	-0.743718592964824	prediction	5	851
solid	-0.71859296482412	prediction	5	852
solid	-0.693467336683417	prediction	5	853
solid	-0.668341708542713	prediction	5	854
solid	-0.64321608040201	prediction	5	855
solid	-0.618090452261306	prediction	5	856
solid	-0.592964824120603	prediction	5	857
solid	-0.567839195979899	prediction	5	858
solid	-0.542713567839196	prediction	5	859
solid	-0.517587939698492	prediction	5	860
solid	-0.492462311557789	prediction	5	861
solid	-0.467336683417085	prediction	5	862
solid	-0.442211055276382	prediction	5	863
solid	-0.417085427135678	prediction	5	864
solid	-0.391959798994975	prediction	5	865
solid	-0.366834170854271	prediction	5	866
solid	-0.341708542713568	prediction	5	867
solid	-0.316582914572864	prediction	5	868
solid	-0.291457286432161	prediction	5	869
solid	-0.266331658291457	prediction	5	870
solid	-0.241206030150754	prediction	5	871
solid	-0.21608040201005	prediction	5	872
solid	-0.190954773869347	prediction	5	873
solid	-0.165829145728643	prediction	5	874
solid	-0.14070351758794	prediction	5	875
solid	-0.115577889447236	prediction	5	876
solid	-0.0904522613065326	prediction	5	877
solid	-0.0653266331658291	prediction	5	878
solid	-0.0402010050251256	prediction	5	879
solid	-0.0150753768844221	prediction	5	880
solid	0.0100502512562817	prediction	5	881
solid	0.0351758793969852	prediction	5	882
solid	0.0603015075376887	prediction	5	883
solid	0.0854271356783922	prediction	5	884
solid	0.110552763819096	prediction	5	885
solid	0.135678391959799	prediction	5	886
solid	0.160804020100503	prediction	5	887
solid	0.185929648241206	prediction	5	888
solid	0.21105527638191	prediction	5	889
solid	0.236180904522613	prediction	5	890
solid	0.261306532663317	prediction	5	891
solid	0.28643216080402	prediction	5	892
solid	0.311557788944724	prediction	5	893
solid	0.336683417085427	prediction	5	894
solid	0.361809045226131	prediction	5	895
solid	0.386934673366834	prediction	5	896
solid	0.412060301507538	prediction	5	897
solid	0.437185929648241	prediction	5	898
solid	0.462311557788945	prediction	5	899
solid	0.487437185929648	prediction	5	900
solid	0.512562814070352	prediction	5	901
solid	0.537688442211055	prediction	5	902
solid	0.562814070351759	prediction	5	903
solid	0.587939698492463	prediction	5	904
solid	0.613065326633166	prediction	5	905
solid	0.63819095477387	prediction	5	906
solid	0.663316582914573	prediction	5	907
solid	0.688442211055277	prediction	5	908
solid	0.71356783919598	prediction	5	909
solid	0.738693467336684	prediction	5	910
solid	0.763819095477387	prediction	5	911
solid	0.788944723618091	prediction	5	912
solid	0.814070351758794	prediction	5	913
solid	0.839195979899498	prediction	5	914
solid	0.864321608040201	prediction	5	915
solid	0.889447236180905	prediction	5	916
solid	0.914572864321608	prediction	5	917
solid	0.939698492462312	prediction	5	918
solid	0.964824120603015	prediction	5	919
solid	0.989949748743719	prediction	5	920
solid	1.01507537688442	prediction	5	921
solid	1.04020100502513	prediction	5	922
solid	1.06532663316583	prediction	5	923
solid	1.09045226130653	prediction	5	924
solid	1.11557788944724	prediction	5	925
solid	1.14070351758794	prediction	5	926
solid	1.16582914572864	prediction	5	927
solid	1.19095477386935	prediction	5	928
solid	1.21608040201005	prediction	5	929
solid	1.24120603015075	prediction	5	930
solid	1.26633165829146	prediction	5	931
solid	1.29145728643216	prediction	5	932
solid	1.31658291457286	prediction	5	933
solid	1.34170854271357	prediction	5	934
solid	1.36683417085427	prediction	5	935
solid	1.39195979899498	prediction	5	936
solid	1.41708542713568	prediction	5	937
solid	1.44221105527638	prediction	5	938
solid	1.46733668341709	prediction	5	939
solid	1.49246231155779	prediction	5	940
solid	1.51758793969849	prediction	5	941
solid	1.5427135678392	prediction	5	942
solid	1.5678391959799	prediction	5	943
solid	1.5929648241206	prediction	5	944
solid	1.61809045226131	prediction	5	945
solid	1.64321608040201	prediction	5	946
solid	1.66834170854271	prediction	5	947
solid	1.69346733668342	prediction	5	948
solid	1.71859296482412	prediction	5	949
solid	1.74371859296482	prediction	5	950
solid	1.76884422110553	prediction	5	951
solid	1.79396984924623	prediction	5	952
solid	1.81909547738693	prediction	5	953
solid	1.84422110552764	prediction	5	954
solid	1.86934673366834	prediction	5	955
solid	1.89447236180905	prediction	5	956
solid	1.91959798994975	prediction	5	957
solid	1.94472361809045	prediction	5	958
solid	1.96984924623116	prediction	5	959
solid	1.99497487437186	prediction	5	960
solid	2.02010050251256	prediction	5	961
solid	2.04522613065327	prediction	5	962
solid	2.07035175879397	prediction	5	963
solid	2.09547738693467	prediction	5	964
solid	2.12060301507538	prediction	5	965
solid	2.14572864321608	prediction	5	966
solid	2.17085427135678	prediction	5	967
solid	2.19597989949749	prediction	5	968
solid	2.22110552763819	prediction	5	969
solid	2.24623115577889	prediction	5	970
solid	2.2713567839196	prediction	5	971
solid	2.2964824120603	prediction	5	972
solid	2.32160804020101	prediction	5	973
solid	2.34673366834171	prediction	5	974
solid	2.37185929648241	prediction	5	975
solid	2.39698492462312	prediction	5	976
solid	2.42211055276382	prediction	5	977
solid	2.44723618090452	prediction	5	978
solid	2.47236180904523	prediction	5	979
solid	2.49748743718593	prediction	5	980
solid	2.52261306532663	prediction	5	981
solid	2.54773869346734	prediction	5	982
solid	2.57286432160804	prediction	5	983
solid	2.59798994974874	prediction	5	984
solid	2.62311557788945	prediction	5	985
solid	2.64824120603015	prediction	5	986
solid	2.67336683417085	prediction	5	987
solid	2.69849246231156	prediction	5	988
solid	2.72361809045226	prediction	5	989
solid	2.74874371859296	prediction	5	990
solid	2.77386934673367	prediction	5	991
solid	2.79899497487437	prediction	5	992
solid	2.82412060301508	prediction	5	993
solid	2.84924623115578	prediction	5	994
solid	2.87437185929648	prediction	5	995
solid	2.89949748743719	prediction	5	996
solid	2.92462311557789	prediction	5	997
solid	2.94974874371859	prediction	5	998
solid	2.9748743718593	prediction	5	999
solid	3	prediction	5	1000
solid	-2	prediction	6	1001
solid	-1.9748743718593	prediction	6	1002
solid	-1.94974874371859	prediction	6	1003
solid	-1.92462311557789	prediction	6	1004
solid	-1.89949748743719	prediction	6	1005
solid	-1.87437185929648	prediction	6	1006
solid	-1.84924623115578	prediction	6	1007
solid	-1.82412060301508	prediction	6	1008
solid	-1.79899497487437	prediction	6	1009
solid	-1.77386934673367	prediction	6	1010
solid	-1.74874371859296	prediction	6	1011
solid	-1.72361809045226	prediction	6	1012
solid	-1.69849246231156	prediction	6	1013
solid	-1.67336683417085	prediction	6	1014
solid	-1.64824120603015	prediction	6	1015
solid	-1.62311557788945	prediction	6	1016
solid	-1.59798994974874	prediction	6	1017
solid	-1.57286432160804	prediction	6	1018
solid	-1.54773869346734	prediction	6	1019
solid	-1.52261306532663	prediction	6	1020
solid	-1.49748743718593	prediction	6	1021
solid	-1.47236180904523	prediction	6	1022
solid	-1.44723618090452	prediction	6	1023
solid	-1.42211055276382	prediction	6	1024
solid	-1.39698492462312	prediction	6	1025
solid	-1.37185929648241	prediction	6	1026
solid	-1.34673366834171	prediction	6	1027
solid	-1.32160804020101	prediction	6	1028
solid	-1.2964824120603	prediction	6	1029
solid	-1.2713567839196	prediction	6	1030
solid	-1.24623115577889	prediction	6	1031
solid	-1.22110552763819	prediction	6	1032
solid	-1.19597989949749	prediction	6	1033
solid	-1.17085427135678	prediction	6	1034
solid	-1.14572864321608	prediction	6	1035
solid	-1.12060301507538	prediction	6	1036
solid	-1.09547738693467	prediction	6	1037
solid	-1.07035175879397	prediction	6	1038
solid	-1.04522613065327	prediction	6	1039
solid	-1.02010050251256	prediction	6	1040
solid	-0.994974874371859	prediction	6	1041
solid	-0.969849246231156	prediction	6	1042
solid	-0.944723618090452	prediction	6	1043
solid	-0.919597989949749	prediction	6	1044
solid	-0.894472361809045	prediction	6	1045
solid	-0.869346733668342	prediction	6	1046
solid	-0.844221105527638	prediction	6	1047
solid	-0.819095477386935	prediction	6	1048
solid	-0.793969849246231	prediction	6	1049
solid	-0.768844221105528	prediction	6	1050
solid	-0.743718592964824	prediction	6	1051
solid	-0.71859296482412	prediction	6	1052
solid	-0.693467336683417	prediction	6	1053
solid	-0.668341708542713	prediction	6	1054
solid	-0.64321608040201	prediction	6	1055
solid	-0.618090452261306	prediction	6	1056
solid	-0.592964824120603	prediction	6	1057
solid	-0.567839195979899	prediction	6	1058
solid	-0.542713567839196	prediction	6	1059
solid	-0.517587939698492	prediction	6	1060
solid	-0.492462311557789	prediction	6	1061
solid	-0.467336683417085	prediction	6	1062
solid	-0.442211055276382	prediction	6	1063
solid	-0.417085427135678	prediction	6	1064
solid	-0.391959798994975	prediction	6	1065
solid	-0.366834170854271	prediction	6	1066
solid	-0.341708542713568	prediction	6	1067
solid	-0.316582914572864	prediction	6	1068
solid	-0.291457286432161	prediction	6	1069
solid	-0.266331658291457	prediction	6	1070
solid	-0.241206030150754	prediction	6	1071
solid	-0.21608040201005	prediction	6	1072
solid	-0.190954773869347	prediction	6	1073
solid	-0.165829145728643	prediction	6	1074
solid	-0.14070351758794	prediction	6	1075
solid	-0.115577889447236	prediction	6	1076
solid	-0.0904522613065326	prediction	6	1077
solid	-0.0653266331658291	prediction	6	1078
solid	-0.0402010050251256	prediction	6	1079
solid	-0.0150753768844221	prediction	6	1080
solid	0.0100502512562817	prediction	6	1081
solid	0.0351758793969852	prediction	6	1082
solid	0.0603015075376887	prediction	6	1083
solid	0.0854271356783922	prediction	6	1084
solid	0.110552763819096	prediction	6	1085
solid	0.135678391959799	prediction	6	1086
solid	0.160804020100503	prediction	6	1087
solid	0.185929648241206	prediction	6	1088
solid	0.21105527638191	prediction	6	1089
solid	0.236180904522613	prediction	6	1090
solid	0.261306532663317	prediction	6	1091
solid	0.28643216080402	prediction	6	1092
solid	0.311557788944724	prediction	6	1093
solid	0.336683417085427	prediction	6	1094
solid	0.361809045226131	prediction	6	1095
solid	0.386934673366834	prediction	6	1096
solid	0.412060301507538	prediction	6	1097
solid	0.437185929648241	prediction	6	1098
solid	0.462311557788945	prediction	6	1099
solid	0.487437185929648	prediction	6	1100
solid	0.512562814070352	prediction	6	1101
solid	0.537688442211055	prediction	6	1102
solid	0.562814070351759	prediction	6	1103
solid	0.587939698492463	prediction	6	1104
solid	0.613065326633166	prediction	6	1105
solid	0.63819095477387	prediction	6	1106
solid	0.663316582914573	prediction	6	1107
solid	0.688442211055277	prediction	6	1108
solid	0.71356783919598	prediction	6	1109
solid	0.738693467336684	prediction	6	1110
solid	0.763819095477387	prediction	6	1111
solid	0.788944723618091	prediction	6	1112
solid	0.814070351758794	prediction	6	1113
solid	0.839195979899498	prediction	6	1114
solid	0.864321608040201	prediction	6	1115
solid	0.889447236180905	prediction	6	1116
solid	0.914572864321608	prediction	6	1117
solid	0.939698492462312	prediction	6	1118
solid	0.964824120603015	prediction	6	1119
solid	0.989949748743719	prediction	6	1120
solid	1.01507537688442	prediction	6	1121
solid	1.04020100502513	prediction	6	1122
solid	1.06532663316583	prediction	6	1123
solid	1.09045226130653	prediction	6	1124
solid	1.11557788944724	prediction	6	1125
solid	1.14070351758794	prediction	6	1126
solid	1.16582914572864	prediction	6	1127
solid	1.19095477386935	prediction	6	1128
solid	1.21608040201005	prediction	6	1129
solid	1.24120603015075	prediction	6	1130
solid	1.26633165829146	prediction	6	1131
solid	1.29145728643216	prediction	6	1132
solid	1.31658291457286	prediction	6	1133
solid	1.34170854271357	prediction	6	1134
solid	1.36683417085427	prediction	6	1135
solid	1.39195979899498	prediction	6	1136
solid	1.41708542713568	prediction	6	1137
solid	1.44221105527638	prediction	6	1138
solid	1.46733668341709	prediction	6	1139
solid	1.49246231155779	prediction	6	1140
solid	1.51758793969849	prediction	6	1141
solid	1.5427135678392	prediction	6	1142
solid	1.5678391959799	prediction	6	1143
solid	1.5929648241206	prediction	6	1144
solid	1.61809045226131	prediction	6	1145
solid	1.64321608040201	prediction	6	1146
solid	1.66834170854271	prediction	6	1147
solid	1.69346733668342	prediction	6	1148
solid	1.71859296482412	prediction	6	1149
solid	1.74371859296482	prediction	6	1150
solid	1.76884422110553	prediction	6	1151
solid	1.79396984924623	prediction	6	1152
solid	1.81909547738693	prediction	6	1153
solid	1.84422110552764	prediction	6	1154
solid	1.86934673366834	prediction	6	1155
solid	1.89447236180905	prediction	6	1156
solid	1.91959798994975	prediction	6	1157
solid	1.94472361809045	prediction	6	1158
solid	1.96984924623116	prediction	6	1159
solid	1.99497487437186	prediction	6	1160
solid	2.02010050251256	prediction	6	1161
solid	2.04522613065327	prediction	6	1162
solid	2.07035175879397	prediction	6	1163
solid	2.09547738693467	prediction	6	1164
solid	2.12060301507538	prediction	6	1165
solid	2.14572864321608	prediction	6	1166
solid	2.17085427135678	prediction	6	1167
solid	2.19597989949749	prediction	6	1168
solid	2.22110552763819	prediction	6	1169
solid	2.24623115577889	prediction	6	1170
solid	2.2713567839196	prediction	6	1171
solid	2.2964824120603	prediction	6	1172
solid	2.32160804020101	prediction	6	1173
solid	2.34673366834171	prediction	6	1174
solid	2.37185929648241	prediction	6	1175
solid	2.39698492462312	prediction	6	1176
solid	2.42211055276382	prediction	6	1177
solid	2.44723618090452	prediction	6	1178
solid	2.47236180904523	prediction	6	1179
solid	2.49748743718593	prediction	6	1180
solid	2.52261306532663	prediction	6	1181
solid	2.54773869346734	prediction	6	1182
solid	2.57286432160804	prediction	6	1183
solid	2.59798994974874	prediction	6	1184
solid	2.62311557788945	prediction	6	1185
solid	2.64824120603015	prediction	6	1186
solid	2.67336683417085	prediction	6	1187
solid	2.69849246231156	prediction	6	1188
solid	2.72361809045226	prediction	6	1189
solid	2.74874371859296	prediction	6	1190
solid	2.77386934673367	prediction	6	1191
solid	2.79899497487437	prediction	6	1192
solid	2.82412060301508	prediction	6	1193
solid	2.84924623115578	prediction	6	1194
solid	2.87437185929648	prediction	6	1195
solid	2.89949748743719	prediction	6	1196
solid	2.92462311557789	prediction	6	1197
solid	2.94974874371859	prediction	6	1198
solid	2.9748743718593	prediction	6	1199
solid	3	prediction	6	1200
solid	-2	prediction	7	1201
solid	-1.9748743718593	prediction	7	1202
solid	-1.94974874371859	prediction	7	1203
solid	-1.92462311557789	prediction	7	1204
solid	-1.89949748743719	prediction	7	1205
solid	-1.87437185929648	prediction	7	1206
solid	-1.84924623115578	prediction	7	1207
solid	-1.82412060301508	prediction	7	1208
solid	-1.79899497487437	prediction	7	1209
solid	-1.77386934673367	prediction	7	1210
solid	-1.74874371859296	prediction	7	1211
solid	-1.72361809045226	prediction	7	1212
solid	-1.69849246231156	prediction	7	1213
solid	-1.67336683417085	prediction	7	1214
solid	-1.64824120603015	prediction	7	1215
solid	-1.62311557788945	prediction	7	1216
solid	-1.59798994974874	prediction	7	1217
solid	-1.57286432160804	prediction	7	1218
solid	-1.54773869346734	prediction	7	1219
solid	-1.52261306532663	prediction	7	1220
solid	-1.49748743718593	prediction	7	1221
solid	-1.47236180904523	prediction	7	1222
solid	-1.44723618090452	prediction	7	1223
solid	-1.42211055276382	prediction	7	1224
solid	-1.39698492462312	prediction	7	1225
solid	-1.37185929648241	prediction	7	1226
solid	-1.34673366834171	prediction	7	1227
solid	-1.32160804020101	prediction	7	1228
solid	-1.2964824120603	prediction	7	1229
solid	-1.2713567839196	prediction	7	1230
solid	-1.24623115577889	prediction	7	1231
solid	-1.22110552763819	prediction	7	1232
solid	-1.19597989949749	prediction	7	1233
solid	-1.17085427135678	prediction	7	1234
solid	-1.14572864321608	prediction	7	1235
solid	-1.12060301507538	prediction	7	1236
solid	-1.09547738693467	prediction	7	1237
solid	-1.07035175879397	prediction	7	1238
solid	-1.04522613065327	prediction	7	1239
solid	-1.02010050251256	prediction	7	1240
solid	-0.994974874371859	prediction	7	1241
solid	-0.969849246231156	prediction	7	1242
solid	-0.944723618090452	prediction	7	1243
solid	-0.919597989949749	prediction	7	1244
solid	-0.894472361809045	prediction	7	1245
solid	-0.869346733668342	prediction	7	1246
solid	-0.844221105527638	prediction	7	1247
solid	-0.819095477386935	prediction	7	1248
solid	-0.793969849246231	prediction	7	1249
solid	-0.768844221105528	prediction	7	1250
solid	-0.743718592964824	prediction	7	1251
solid	-0.71859296482412	prediction	7	1252
solid	-0.693467336683417	prediction	7	1253
solid	-0.668341708542713	prediction	7	1254
solid	-0.64321608040201	prediction	7	1255
solid	-0.618090452261306	prediction	7	1256
solid	-0.592964824120603	prediction	7	1257
solid	-0.567839195979899	prediction	7	1258
solid	-0.542713567839196	prediction	7	1259
solid	-0.517587939698492	prediction	7	1260
solid	-0.492462311557789	prediction	7	1261
solid	-0.467336683417085	prediction	7	1262
solid	-0.442211055276382	prediction	7	1263
solid	-0.417085427135678	prediction	7	1264
solid	-0.391959798994975	prediction	7	1265
solid	-0.366834170854271	prediction	7	1266
solid	-0.341708542713568	prediction	7	1267
solid	-0.316582914572864	prediction	7	1268
solid	-0.291457286432161	prediction	7	1269
solid	-0.266331658291457	prediction	7	1270
solid	-0.241206030150754	prediction	7	1271
solid	-0.21608040201005	prediction	7	1272
solid	-0.190954773869347	prediction	7	1273
solid	-0.165829145728643	prediction	7	1274
solid	-0.14070351758794	prediction	7	1275
solid	-0.115577889447236	prediction	7	1276
solid	-0.0904522613065326	prediction	7	1277
solid	-0.0653266331658291	prediction	7	1278
solid	-0.0402010050251256	prediction	7	1279
solid	-0.0150753768844221	prediction	7	1280
solid	0.0100502512562817	prediction	7	1281
solid	0.0351758793969852	prediction	7	1282
solid	0.0603015075376887	prediction	7	1283
solid	0.0854271356783922	prediction	7	1284
solid	0.110552763819096	prediction	7	1285
solid	0.135678391959799	prediction	7	1286
solid	0.160804020100503	prediction	7	1287
solid	0.185929648241206	prediction	7	1288
solid	0.21105527638191	prediction	7	1289
solid	0.236180904522613	prediction	7	1290
solid	0.261306532663317	prediction	7	1291
solid	0.28643216080402	prediction	7	1292
solid	0.311557788944724	prediction	7	1293
solid	0.336683417085427	prediction	7	1294
solid	0.361809045226131	prediction	7	1295
solid	0.386934673366834	prediction	7	1296
solid	0.412060301507538	prediction	7	1297
solid	0.437185929648241	prediction	7	1298
solid	0.462311557788945	prediction	7	1299
solid	0.487437185929648	prediction	7	1300
solid	0.512562814070352	prediction	7	1301
solid	0.537688442211055	prediction	7	1302
solid	0.562814070351759	prediction	7	1303
solid	0.587939698492463	prediction	7	1304
solid	0.613065326633166	prediction	7	1305
solid	0.63819095477387	prediction	7	1306
solid	0.663316582914573	prediction	7	1307
solid	0.688442211055277	prediction	7	1308
solid	0.71356783919598	prediction	7	1309
solid	0.738693467336684	prediction	7	1310
solid	0.763819095477387	prediction	7	1311
solid	0.788944723618091	prediction	7	1312
solid	0.814070351758794	prediction	7	1313
solid	0.839195979899498	prediction	7	1314
solid	0.864321608040201	prediction	7	1315
solid	0.889447236180905	prediction	7	1316
solid	0.914572864321608	prediction	7	1317
solid	0.939698492462312	prediction	7	1318
solid	0.964824120603015	prediction	7	1319
solid	0.989949748743719	prediction	7	1320
solid	1.01507537688442	prediction	7	1321
solid	1.04020100502513	prediction	7	1322
solid	1.06532663316583	prediction	7	1323
solid	1.09045226130653	prediction	7	1324
solid	1.11557788944724	prediction	7	1325
solid	1.14070351758794	prediction	7	1326
solid	1.16582914572864	prediction	7	1327
solid	1.19095477386935	prediction	7	1328
solid	1.21608040201005	prediction	7	1329
solid	1.24120603015075	prediction	7	1330
solid	1.26633165829146	prediction	7	1331
solid	1.29145728643216	prediction	7	1332
solid	1.31658291457286	prediction	7	1333
solid	1.34170854271357	prediction	7	1334
solid	1.36683417085427	prediction	7	1335
solid	1.39195979899498	prediction	7	1336
solid	1.41708542713568	prediction	7	1337
solid	1.44221105527638	prediction	7	1338
solid	1.46733668341709	prediction	7	1339
solid	1.49246231155779	prediction	7	1340
solid	1.51758793969849	prediction	7	1341
solid	1.5427135678392	prediction	7	1342
solid	1.5678391959799	prediction	7	1343
solid	1.5929648241206	prediction	7	1344
solid	1.61809045226131	prediction	7	1345
solid	1.64321608040201	prediction	7	1346
solid	1.66834170854271	prediction	7	1347
solid	1.69346733668342	prediction	7	1348
solid	1.71859296482412	prediction	7	1349
solid	1.74371859296482	prediction	7	1350
solid	1.76884422110553	prediction	7	1351
solid	1.79396984924623	prediction	7	1352
solid	1.81909547738693	prediction	7	1353
solid	1.84422110552764	prediction	7	1354
solid	1.86934673366834	prediction	7	1355
solid	1.89447236180905	prediction	7	1356
solid	1.91959798994975	prediction	7	1357
solid	1.94472361809045	prediction	7	1358
solid	1.96984924623116	prediction	7	1359
solid	1.99497487437186	prediction	7	1360
solid	2.02010050251256	prediction	7	1361
solid	2.04522613065327	prediction	7	1362
solid	2.07035175879397	prediction	7	1363
solid	2.09547738693467	prediction	7	1364
solid	2.12060301507538	prediction	7	1365
solid	2.14572864321608	prediction	7	1366
solid	2.17085427135678	prediction	7	1367
solid	2.19597989949749	prediction	7	1368
solid	2.22110552763819	prediction	7	1369
solid	2.24623115577889	prediction	7	1370
solid	2.2713567839196	prediction	7	1371
solid	2.2964824120603	prediction	7	1372
solid	2.32160804020101	prediction	7	1373
solid	2.34673366834171	prediction	7	1374
solid	2.37185929648241	prediction	7	1375
solid	2.39698492462312	prediction	7	1376
solid	2.42211055276382	prediction	7	1377
solid	2.44723618090452	prediction	7	1378
solid	2.47236180904523	prediction	7	1379
solid	2.49748743718593	prediction	7	1380
solid	2.52261306532663	prediction	7	1381
solid	2.54773869346734	prediction	7	1382
solid	2.57286432160804	prediction	7	1383
solid	2.59798994974874	prediction	7	1384
solid	2.62311557788945	prediction	7	1385
solid	2.64824120603015	prediction	7	1386
solid	2.67336683417085	prediction	7	1387
solid	2.69849246231156	prediction	7	1388
solid	2.72361809045226	prediction	7	1389
solid	2.74874371859296	prediction	7	1390
solid	2.77386934673367	prediction	7	1391
solid	2.79899497487437	prediction	7	1392
solid	2.82412060301508	prediction	7	1393
solid	2.84924623115578	prediction	7	1394
solid	2.87437185929648	prediction	7	1395
solid	2.89949748743719	prediction	7	1396
solid	2.92462311557789	prediction	7	1397
solid	2.94974874371859	prediction	7	1398
solid	2.9748743718593	prediction	7	1399
solid	3	prediction	7	1400
solid	-2	prediction	8	1401
solid	-1.9748743718593	prediction	8	1402
solid	-1.94974874371859	prediction	8	1403
solid	-1.92462311557789	prediction	8	1404
solid	-1.89949748743719	prediction	8	1405
solid	-1.87437185929648	prediction	8	1406
solid	-1.84924623115578	prediction	8	1407
solid	-1.82412060301508	prediction	8	1408
solid	-1.79899497487437	prediction	8	1409
solid	-1.77386934673367	prediction	8	1410
solid	-1.74874371859296	prediction	8	1411
solid	-1.72361809045226	prediction	8	1412
solid	-1.69849246231156	prediction	8	1413
solid	-1.67336683417085	prediction	8	1414
solid	-1.64824120603015	prediction	8	1415
solid	-1.62311557788945	prediction	8	1416
solid	-1.59798994974874	prediction	8	1417
solid	-1.57286432160804	prediction	8	1418
solid	-1.54773869346734	prediction	8	1419
solid	-1.52261306532663	prediction	8	1420
solid	-1.49748743718593	prediction	8	1421
solid	-1.47236180904523	prediction	8	1422
solid	-1.44723618090452	prediction	8	1423
solid	-1.42211055276382	prediction	8	1424
solid	-1.39698492462312	prediction	8	1425
solid	-1.37185929648241	prediction	8	1426
solid	-1.34673366834171	prediction	8	1427
solid	-1.32160804020101	prediction	8	1428
solid	-1.2964824120603	prediction	8	1429
solid	-1.2713567839196	prediction	8	1430
solid	-1.24623115577889	prediction	8	1431
solid	-1.22110552763819	prediction	8	1432
solid	-1.19597989949749	prediction	8	1433
solid	-1.17085427135678	prediction	8	1434
solid	-1.14572864321608	prediction	8	1435
solid	-1.12060301507538	prediction	8	1436
solid	-1.09547738693467	prediction	8	1437
solid	-1.07035175879397	prediction	8	1438
solid	-1.04522613065327	prediction	8	1439
solid	-1.02010050251256	prediction	8	1440
solid	-0.994974874371859	prediction	8	1441
solid	-0.969849246231156	prediction	8	1442
solid	-0.944723618090452	prediction	8	1443
solid	-0.919597989949749	prediction	8	1444
solid	-0.894472361809045	prediction	8	1445
solid	-0.869346733668342	prediction	8	1446
solid	-0.844221105527638	prediction	8	1447
solid	-0.819095477386935	prediction	8	1448
solid	-0.793969849246231	prediction	8	1449
solid	-0.768844221105528	prediction	8	1450
solid	-0.743718592964824	prediction	8	1451
solid	-0.71859296482412	prediction	8	1452
solid	-0.693467336683417	prediction	8	1453
solid	-0.668341708542713	prediction	8	1454
solid	-0.64321608040201	prediction	8	1455
solid	-0.618090452261306	prediction	8	1456
solid	-0.592964824120603	prediction	8	1457
solid	-0.567839195979899	prediction	8	1458
solid	-0.542713567839196	prediction	8	1459
solid	-0.517587939698492	prediction	8	1460
solid	-0.492462311557789	prediction	8	1461
solid	-0.467336683417085	prediction	8	1462
solid	-0.442211055276382	prediction	8	1463
solid	-0.417085427135678	prediction	8	1464
solid	-0.391959798994975	prediction	8	1465
solid	-0.366834170854271	prediction	8	1466
solid	-0.341708542713568	prediction	8	1467
solid	-0.316582914572864	prediction	8	1468
solid	-0.291457286432161	prediction	8	1469
solid	-0.266331658291457	prediction	8	1470
solid	-0.241206030150754	prediction	8	1471
solid	-0.21608040201005	prediction	8	1472
solid	-0.190954773869347	prediction	8	1473
solid	-0.165829145728643	prediction	8	1474
solid	-0.14070351758794	prediction	8	1475
solid	-0.115577889447236	prediction	8	1476
solid	-0.0904522613065326	prediction	8	1477
solid	-0.0653266331658291	prediction	8	1478
solid	-0.0402010050251256	prediction	8	1479
solid	-0.0150753768844221	prediction	8	1480
solid	0.0100502512562817	prediction	8	1481
solid	0.0351758793969852	prediction	8	1482
solid	0.0603015075376887	prediction	8	1483
solid	0.0854271356783922	prediction	8	1484
solid	0.110552763819096	prediction	8	1485
solid	0.135678391959799	prediction	8	1486
solid	0.160804020100503	prediction	8	1487
solid	0.185929648241206	prediction	8	1488
solid	0.21105527638191	prediction	8	1489
solid	0.236180904522613	prediction	8	1490
solid	0.261306532663317	prediction	8	1491
solid	0.28643216080402	prediction	8	1492
solid	0.311557788944724	prediction	8	1493
solid	0.336683417085427	prediction	8	1494
solid	0.361809045226131	prediction	8	1495
solid	0.386934673366834	prediction	8	1496
solid	0.412060301507538	prediction	8	1497
solid	0.437185929648241	prediction	8	1498
solid	0.462311557788945	prediction	8	1499
solid	0.487437185929648	prediction	8	1500
solid	0.512562814070352	prediction	8	1501
solid	0.537688442211055	prediction	8	1502
solid	0.562814070351759	prediction	8	1503
solid	0.587939698492463	prediction	8	1504
solid	0.613065326633166	prediction	8	1505
solid	0.63819095477387	prediction	8	1506
solid	0.663316582914573	prediction	8	1507
solid	0.688442211055277	prediction	8	1508
solid	0.71356783919598	prediction	8	1509
solid	0.738693467336684	prediction	8	1510
solid	0.763819095477387	prediction	8	1511
solid	0.788944723618091	prediction	8	1512
solid	0.814070351758794	prediction	8	1513
solid	0.839195979899498	prediction	8	1514
solid	0.864321608040201	prediction	8	1515
solid	0.889447236180905	prediction	8	1516
solid	0.914572864321608	prediction	8	1517
solid	0.939698492462312	prediction	8	1518
solid	0.964824120603015	prediction	8	1519
solid	0.989949748743719	prediction	8	1520
solid	1.01507537688442	prediction	8	1521
solid	1.04020100502513	prediction	8	1522
solid	1.06532663316583	prediction	8	1523
solid	1.09045226130653	prediction	8	1524
solid	1.11557788944724	prediction	8	1525
solid	1.14070351758794	prediction	8	1526
solid	1.16582914572864	prediction	8	1527
solid	1.19095477386935	prediction	8	1528
solid	1.21608040201005	prediction	8	1529
solid	1.24120603015075	prediction	8	1530
solid	1.26633165829146	prediction	8	1531
solid	1.29145728643216	prediction	8	1532
solid	1.31658291457286	prediction	8	1533
solid	1.34170854271357	prediction	8	1534
solid	1.36683417085427	prediction	8	1535
solid	1.39195979899498	prediction	8	1536
solid	1.41708542713568	prediction	8	1537
solid	1.44221105527638	prediction	8	1538
solid	1.46733668341709	prediction	8	1539
solid	1.49246231155779	prediction	8	1540
solid	1.51758793969849	prediction	8	1541
solid	1.5427135678392	prediction	8	1542
solid	1.5678391959799	prediction	8	1543
solid	1.5929648241206	prediction	8	1544
solid	1.61809045226131	prediction	8	1545
solid	1.64321608040201	prediction	8	1546
solid	1.66834170854271	prediction	8	1547
solid	1.69346733668342	prediction	8	1548
solid	1.71859296482412	prediction	8	1549
solid	1.74371859296482	prediction	8	1550
solid	1.76884422110553	prediction	8	1551
solid	1.79396984924623	prediction	8	1552
solid	1.81909547738693	prediction	8	1553
solid	1.84422110552764	prediction	8	1554
solid	1.86934673366834	prediction	8	1555
solid	1.89447236180905	prediction	8	1556
solid	1.91959798994975	prediction	8	1557
solid	1.94472361809045	prediction	8	1558
solid	1.96984924623116	prediction	8	1559
solid	1.99497487437186	prediction	8	1560
solid	2.02010050251256	prediction	8	1561
solid	2.04522613065327	prediction	8	1562
solid	2.07035175879397	prediction	8	1563
solid	2.09547738693467	prediction	8	1564
solid	2.12060301507538	prediction	8	1565
solid	2.14572864321608	prediction	8	1566
solid	2.17085427135678	prediction	8	1567
solid	2.19597989949749	prediction	8	1568
solid	2.22110552763819	prediction	8	1569
solid	2.24623115577889	prediction	8	1570
solid	2.2713567839196	prediction	8	1571
solid	2.2964824120603	prediction	8	1572
solid	2.32160804020101	prediction	8	1573
solid	2.34673366834171	prediction	8	1574
solid	2.37185929648241	prediction	8	1575
solid	2.39698492462312	prediction	8	1576
solid	2.42211055276382	prediction	8	1577
solid	2.44723618090452	prediction	8	1578
solid	2.47236180904523	prediction	8	1579
solid	2.49748743718593	prediction	8	1580
solid	2.52261306532663	prediction	8	1581
solid	2.54773869346734	prediction	8	1582
solid	2.57286432160804	prediction	8	1583
solid	2.59798994974874	prediction	8	1584
solid	2.62311557788945	prediction	8	1585
solid	2.64824120603015	prediction	8	1586
solid	2.67336683417085	prediction	8	1587
solid	2.69849246231156	prediction	8	1588
solid	2.72361809045226	prediction	8	1589
solid	2.74874371859296	prediction	8	1590
solid	2.77386934673367	prediction	8	1591
solid	2.79899497487437	prediction	8	1592
solid	2.82412060301508	prediction	8	1593
solid	2.84924623115578	prediction	8	1594
solid	2.87437185929648	prediction	8	1595
solid	2.89949748743719	prediction	8	1596
solid	2.92462311557789	prediction	8	1597
solid	2.94974874371859	prediction	8	1598
solid	2.9748743718593	prediction	8	1599
solid	3	prediction	8	1600
