group	y
1	0.545217950982605
2	0.545217950982605
3	0.545217950982605
4	0.545217950982605
5	0.545217950982605
6	0.545217950982605
7	0.545217950982605
8	0.545217950982605
9	0.545217950982605
10	0.545217950982605
11	0.545217950982605
12	0.545217950982605
13	0.545217950982605
14	0.545217950982605
15	0.545217950982605
16	0.545217950982605
17	0.545217950982605
18	0.545217950982605
19	0.545217950982605
20	0.545217950982605
21	0.545217950982605
22	0.545217950982605
23	0.545217950982605
24	0.545217950982605
25	0.545217950982605
26	0.545217950982605
27	0.545217950982605
28	0.545217950982605
29	0.545217950982605
30	0.545217950982605
31	0.545217950982605
32	0.545217950982605
33	0.545217950982605
34	0.545217950982605
35	0.545217950982605
36	0.545217950982605
37	0.545217950982605
38	0.545217950982605
39	0.545217950982605
40	0.545217950982605
41	0.545217950982605
42	0.545217950982605
43	0.545217950982605
44	0.545217950982605
45	0.545217950982605
46	0.545217950982605
47	0.545217950982605
48	0.545217950982605
49	0.545217950982605
50	0.545217950982605
51	0.545217950982605
52	0.545217950982605
53	0.545217950982605
54	0.545217950982605
55	0.545217950982605
56	0.545217950982606
57	0.545217950982606
58	0.545217950982606
59	0.545217950982606
60	0.545217950982606
61	0.545217950982606
62	0.545217950982606
63	0.545217950982606
64	0.545217950982606
65	0.545217950982606
66	0.545217950982606
67	0.545217950982606
68	0.545217950982606
69	0.545217950982606
70	0.545217950982606
71	0.545217950982606
72	0.545217950982606
73	0.545217950982606
74	0.545217950982606
75	0.545217950982606
76	0.545217950982606
77	0.545217950982606
78	0.545217950982606
79	0.5261428168079
80	0.5261428168079
81	0.5261428168079
82	0.5261428168079
83	0.5261428168079
84	0.5261428168079
85	0.52992395568809
86	0.52992395568809
87	0.52992395568809
88	0.52992395568809
89	0.52992395568809
90	0.52992395568809
91	0.52992395568809
92	0.52992395568809
93	0.52992395568809
94	0.52992395568809
95	0.557054755548094
96	0.557054755548094
97	0.557054755548094
98	0.557054755548094
99	0.557054755548094
100	0.557054755548094
101	0.557054755548094
102	0.557054755548094
103	0.550343220300969
104	0.550343220300969
105	0.550343220300969
106	0.550343220300969
107	0.550343220300969
108	0.550343220300969
109	0.529680839187048
110	0.529680839187048
111	0.529680839187048
112	0.529680839187048
113	0.529680839187048
114	0.540343729450776
115	0.540343729450776
116	0.540343729450776
117	0.540343729450776
118	0.540343729450776
119	0.540343729450776
120	0.540343729450776
121	0.524813320091601
122	0.524813320091601
123	0.524813320091601
124	0.524813320091601
125	0.524813320091601
126	0.524813320091601
127	0.524813320091601
128	0.524813320091601
129	0.524813320091601
130	0.524813320091601
131	0.524813320091601
132	0.524813320091601
133	0.524813320091601
134	0.524813320091601
135	0.524813320091601
136	0.524813320091601
137	0.524813320091601
138	0.524813320091601
139	0.524813320091601
140	0.524813320091601
141	0.524813320091601
142	0.524813320091601
143	0.524813320091601
144	0.524813320091601
145	0.524813320091601
146	0.524813320091601
147	0.524813320091601
148	0.524813320091601
149	0.524813320091601
150	0.524813320091601
151	0.524813320091601
152	0.524813320091601
153	0.524813320091601
154	0.524813320091601
155	0.524813320091601
156	0.524813320091601
157	0.524813320091601
158	0.524813320091601
159	0.524813320091601
160	0.524813320091601
161	0.524813320091601
162	0.524813320091601
163	0.524813320091601
164	0.524813320091601
165	0.524813320091601
166	0.524813320091601
167	0.524813320091601
168	0.524813320091601
169	0.524813320091601
170	0.524813320091601
171	0.524813320091601
172	0.524813320091601
173	0.524813320091601
174	0.524813320091601
175	0.524813320091601
176	0.524813320091601
177	0.524813320091601
178	0.524813320091601
179	0.524813320091601
180	0.524813320091601
181	0.524813320091601
182	0.524813320091601
183	0.524813320091601
184	0.524813320091601
185	0.524813320091601
186	0.524813320091601
187	0.524813320091601
188	0.524813320091601
189	0.524813320091601
190	0.524813320091601
191	0.524813320091601
192	0.524813320091601
193	0.524813320091601
194	0.524813320091601
195	0.524813320091601
196	0.524813320091601
197	0.524813320091601
198	0.524813320091601
199	0.524813320091601
200	0.524813320091601
201	0.44423621590887
202	0.44423621590887
203	0.44423621590887
204	0.44423621590887
205	0.44423621590887
206	0.44423621590887
207	0.44423621590887
208	0.44423621590887
209	0.44423621590887
210	0.44423621590887
211	0.44423621590887
212	0.44423621590887
213	0.44423621590887
214	0.44423621590887
215	0.44423621590887
216	0.44423621590887
217	0.44423621590887
218	0.44423621590887
219	0.44423621590887
220	0.44423621590887
221	0.44423621590887
222	0.44423621590887
223	0.44423621590887
224	0.44423621590887
225	0.44423621590887
226	0.44423621590887
227	0.44423621590887
228	0.44423621590887
229	0.44423621590887
230	0.44423621590887
231	0.44423621590887
232	0.44423621590887
233	0.44423621590887
234	0.44423621590887
235	0.44423621590887
236	0.44423621590887
237	0.44423621590887
238	0.44423621590887
239	0.44423621590887
240	0.444236215908871
241	0.44423621590887
242	0.44423621590887
243	0.44423621590887
244	0.44423621590887
245	0.44423621590887
246	0.44423621590887
247	0.44423621590887
248	0.44423621590887
249	0.44423621590887
250	0.44423621590887
251	0.44423621590887
252	0.44423621590887
253	0.44423621590887
254	0.44423621590887
255	0.44423621590887
256	0.44423621590887
257	0.44423621590887
258	0.444236215908871
259	0.444236215908871
260	0.44423621590887
261	0.44423621590887
262	0.44423621590887
263	0.44423621590887
264	0.44423621590887
265	0.44423621590887
266	0.44423621590887
267	0.44423621590887
268	0.44423621590887
269	0.44423621590887
270	0.44423621590887
271	0.44423621590887
272	0.44423621590887
273	0.44423621590887
274	0.44423621590887
275	0.44423621590887
276	0.44423621590887
277	0.44423621590887
278	0.44423621590887
279	0.453862084851555
280	0.453862084851555
281	0.453862084851555
282	0.453862084851555
283	0.453862084851555
284	0.453862084851555
285	0.459222815512182
286	0.459222815512182
287	0.459222815512182
288	0.459222815512182
289	0.459222815512182
290	0.459222815512182
291	0.459222815512182
292	0.459222815512182
293	0.459222815512182
294	0.459222815512182
295	0.497037669778793
296	0.497037669778793
297	0.497037669778793
298	0.497037669778793
299	0.497037669778793
300	0.497037669778793
301	0.497037669778793
302	0.497037669778793
303	0.533665546682412
304	0.533665546682412
305	0.533665546682412
306	0.533665546682412
307	0.533665546682412
308	0.533665546682412
309	0.562540770475557
310	0.562540770475557
311	0.562540770475557
312	0.562540770475557
313	0.562540770475557
314	0.570994829044028
315	0.570994829044028
316	0.570994829044028
317	0.570994829044028
318	0.570994829044028
319	0.570994829044028
320	0.570994829044028
321	0.593689685991913
322	0.593689685991913
323	0.593689685991913
324	0.593689685991913
325	0.593689685991913
326	0.593689685991913
327	0.593689685991913
328	0.593689685991913
329	0.593689685991913
330	0.593689685991913
331	0.593689685991913
332	0.593689685991913
333	0.593689685991913
334	0.593689685991913
335	0.593689685991913
336	0.593689685991913
337	0.593689685991913
338	0.593689685991913
339	0.593689685991913
340	0.593689685991913
341	0.593689685991913
342	0.593689685991913
343	0.593689685991913
344	0.593689685991913
345	0.593689685991913
346	0.593689685991913
347	0.593689685991913
348	0.593689685991913
349	0.593689685991913
350	0.593689685991913
351	0.593689685991913
352	0.593689685991913
353	0.593689685991913
354	0.593689685991913
355	0.593689685991913
356	0.593689685991913
357	0.593689685991913
358	0.593689685991913
359	0.593689685991913
360	0.593689685991913
361	0.593689685991913
362	0.593689685991913
363	0.593689685991913
364	0.593689685991913
365	0.593689685991913
366	0.593689685991913
367	0.593689685991913
368	0.593689685991913
369	0.593689685991913
370	0.593689685991913
371	0.593689685991913
372	0.593689685991913
373	0.593689685991913
374	0.593689685991913
375	0.593689685991913
376	0.593689685991913
377	0.593689685991913
378	0.593689685991913
379	0.593689685991913
380	0.593689685991913
381	0.593689685991913
382	0.593689685991913
383	0.593689685991913
384	0.593689685991913
385	0.593689685991913
386	0.593689685991913
387	0.593689685991913
388	0.593689685991913
389	0.593689685991913
390	0.593689685991913
391	0.593689685991913
392	0.593689685991913
393	0.593689685991913
394	0.593689685991913
395	0.593689685991913
396	0.593689685991913
397	0.593689685991913
398	0.593689685991913
399	0.593689685991913
400	0.593689685991913
401	0.172140333024124
402	0.172140333024124
403	0.172140333024124
404	0.172140333024124
405	0.172140333024124
406	0.172140333024124
407	0.172140333024124
408	0.172140333024124
409	0.172140333024124
410	0.172140333024124
411	0.172140333024124
412	0.172140333024124
413	0.172140333024124
414	0.172140333024124
415	0.172140333024124
416	0.172140333024124
417	0.172140333024124
418	0.172140333024124
419	0.172140333024124
420	0.172140333024124
421	0.172140333024124
422	0.172140333024124
423	0.172140333024124
424	0.172140333024124
425	0.172140333024124
426	0.172140333024124
427	0.172140333024124
428	0.172140333024124
429	0.172140333024124
430	0.172140333024124
431	0.172140333024124
432	0.172140333024124
433	0.172140333024124
434	0.172140333024124
435	0.172140333024124
436	0.172140333024124
437	0.172140333024124
438	0.172140333024124
439	0.172140333024124
440	0.172140333024124
441	0.172140333024124
442	0.172140333024124
443	0.172140333024124
444	0.172140333024124
445	0.172140333024124
446	0.172140333024124
447	0.172140333024124
448	0.172140333024124
449	0.172140333024124
450	0.172140333024124
451	0.172140333024124
452	0.172140333024124
453	0.172140333024124
454	0.172140333024124
455	0.172140333024124
456	0.172140333024124
457	0.172140333024124
458	0.172140333024124
459	0.172140333024124
460	0.172140333024124
461	0.172140333024124
462	0.172140333024124
463	0.172140333024124
464	0.172140333024124
465	0.172140333024124
466	0.172140333024124
467	0.172140333024124
468	0.172140333024124
469	0.172140333024124
470	0.172140333024124
471	0.172140333024124
472	0.172140333024124
473	0.172140333024124
474	0.172140333024124
475	0.172140333024124
476	0.172140333024124
477	0.172140333024124
478	0.172140333024124
479	0.16999157564275
480	0.16999157564275
481	0.16999157564275
482	0.16999157564275
483	0.16999157564275
484	0.16999157564275
485	0.164475371857361
486	0.164475371857361
487	0.164475371857361
488	0.164475371857361
489	0.164475371857361
490	0.164475371857361
491	0.164475371857361
492	0.164475371857361
493	0.164475371857361
494	0.164475371857361
495	0.180051027625126
496	0.180051027625126
497	0.180051027625126
498	0.180051027625126
499	0.180051027625126
500	0.180051027625126
501	0.180051027625126
502	0.180051027625126
503	0.20994634061283
504	0.20994634061283
505	0.20994634061283
506	0.20994634061283
507	0.20994634061283
508	0.20994634061283
509	0.237719843586997
510	0.237719843586997
511	0.237719843586997
512	0.237719843586997
513	0.237719843586997
514	0.278268548636226
515	0.278268548636226
516	0.278268548636226
517	0.278268548636226
518	0.278268548636226
519	0.278268548636226
520	0.278268548636226
521	0.317220856680051
522	0.317220856680051
523	0.317220856680051
524	0.317220856680051
525	0.31722085668005
526	0.31722085668005
527	0.31722085668005
528	0.31722085668005
529	0.31722085668005
530	0.31722085668005
531	0.31722085668005
532	0.31722085668005
533	0.31722085668005
534	0.31722085668005
535	0.31722085668005
536	0.31722085668005
537	0.31722085668005
538	0.31722085668005
539	0.31722085668005
540	0.31722085668005
541	0.31722085668005
542	0.31722085668005
543	0.31722085668005
544	0.31722085668005
545	0.31722085668005
546	0.31722085668005
547	0.31722085668005
548	0.31722085668005
549	0.31722085668005
550	0.31722085668005
551	0.31722085668005
552	0.31722085668005
553	0.31722085668005
554	0.31722085668005
555	0.31722085668005
556	0.31722085668005
557	0.31722085668005
558	0.31722085668005
559	0.31722085668005
560	0.31722085668005
561	0.31722085668005
562	0.31722085668005
563	0.31722085668005
564	0.31722085668005
565	0.31722085668005
566	0.31722085668005
567	0.31722085668005
568	0.31722085668005
569	0.31722085668005
570	0.31722085668005
571	0.31722085668005
572	0.31722085668005
573	0.31722085668005
574	0.317220856680051
575	0.317220856680051
576	0.317220856680051
577	0.31722085668005
578	0.31722085668005
579	0.31722085668005
580	0.31722085668005
581	0.31722085668005
582	0.31722085668005
583	0.31722085668005
584	0.31722085668005
585	0.31722085668005
586	0.31722085668005
587	0.31722085668005
588	0.31722085668005
589	0.31722085668005
590	0.31722085668005
591	0.31722085668005
592	0.31722085668005
593	0.31722085668005
594	0.31722085668005
595	0.31722085668005
596	0.31722085668005
597	0.31722085668005
598	0.31722085668005
599	0.31722085668005
600	0.31722085668005
601	0.609075174743607
602	0.609075174743607
603	0.609075174743607
604	0.609075174743607
605	0.609075174743607
606	0.609075174743607
607	0.609075174743607
608	0.609075174743607
609	0.609075174743607
610	0.609075174743607
611	0.609075174743607
612	0.609075174743607
613	0.609075174743607
614	0.609075174743607
615	0.609075174743607
616	0.609075174743607
617	0.609075174743607
618	0.609075174743607
619	0.609075174743607
620	0.609075174743607
621	0.609075174743607
622	0.609075174743607
623	0.609075174743607
624	0.609075174743607
625	0.609075174743607
626	0.609075174743607
627	0.609075174743607
628	0.609075174743607
629	0.609075174743607
630	0.609075174743607
631	0.609075174743607
632	0.609075174743607
633	0.609075174743607
634	0.609075174743607
635	0.609075174743607
636	0.609075174743607
637	0.609075174743607
638	0.609075174743607
639	0.609075174743607
640	0.609075174743607
641	0.609075174743607
642	0.609075174743607
643	0.609075174743607
644	0.609075174743607
645	0.609075174743607
646	0.609075174743607
647	0.609075174743607
648	0.609075174743607
649	0.609075174743607
650	0.609075174743607
651	0.609075174743607
652	0.609075174743607
653	0.609075174743607
654	0.609075174743607
655	0.609075174743607
656	0.609075174743607
657	0.609075174743607
658	0.609075174743607
659	0.609075174743607
660	0.609075174743607
661	0.609075174743607
662	0.609075174743607
663	0.609075174743607
664	0.609075174743607
665	0.609075174743607
666	0.609075174743607
667	0.609075174743607
668	0.609075174743607
669	0.609075174743607
670	0.609075174743607
671	0.609075174743607
672	0.609075174743607
673	0.609075174743607
674	0.609075174743607
675	0.609075174743607
676	0.609075174743607
677	0.609075174743607
678	0.609075174743607
679	0.581995416373962
680	0.581995416373962
681	0.581995416373962
682	0.581995416373962
683	0.581995416373962
684	0.581995416373962
685	0.585257810322649
686	0.585257810322649
687	0.58525781032265
688	0.585257810322649
689	0.585257810322649
690	0.585257810322649
691	0.585257810322649
692	0.585257810322649
693	0.585257810322649
694	0.585257810322649
695	0.550648624325611
696	0.550648624325611
697	0.550648624325611
698	0.550648624325611
699	0.550648624325611
700	0.550648624325611
701	0.550648624325611
702	0.550648624325611
703	0.520978839796086
704	0.520978839796086
705	0.520978839796086
706	0.520978839796086
707	0.520978839796086
708	0.520978839796086
709	0.498937388833748
710	0.498937388833748
711	0.498937388833748
712	0.498937388833748
713	0.498937388833748
714	0.493590576484435
715	0.493590576484435
716	0.493590576484435
717	0.493590576484435
718	0.493590576484435
719	0.493590576484435
720	0.493590576484435
721	0.467540789584847
722	0.467540789584847
723	0.467540789584847
724	0.467540789584847
725	0.467540789584847
726	0.467540789584847
727	0.467540789584847
728	0.467540789584847
729	0.467540789584847
730	0.467540789584847
731	0.467540789584847
732	0.467540789584847
733	0.467540789584847
734	0.467540789584847
735	0.467540789584847
736	0.467540789584847
737	0.467540789584847
738	0.467540789584847
739	0.467540789584847
740	0.467540789584847
741	0.467540789584847
742	0.467540789584847
743	0.467540789584847
744	0.467540789584847
745	0.467540789584847
746	0.467540789584847
747	0.467540789584847
748	0.467540789584847
749	0.467540789584847
750	0.467540789584847
751	0.467540789584847
752	0.467540789584847
753	0.467540789584847
754	0.467540789584847
755	0.467540789584847
756	0.467540789584847
757	0.467540789584847
758	0.467540789584847
759	0.467540789584847
760	0.467540789584847
761	0.467540789584847
762	0.467540789584847
763	0.467540789584847
764	0.467540789584847
765	0.467540789584847
766	0.467540789584847
767	0.467540789584847
768	0.467540789584847
769	0.467540789584847
770	0.467540789584847
771	0.467540789584847
772	0.467540789584847
773	0.467540789584847
774	0.467540789584847
775	0.467540789584847
776	0.467540789584847
777	0.467540789584847
778	0.467540789584847
779	0.467540789584847
780	0.467540789584847
781	0.467540789584847
782	0.467540789584847
783	0.467540789584847
784	0.467540789584847
785	0.467540789584847
786	0.467540789584847
787	0.467540789584847
788	0.467540789584847
789	0.467540789584847
790	0.467540789584847
791	0.467540789584847
792	0.467540789584847
793	0.467540789584847
794	0.467540789584847
795	0.467540789584847
796	0.467540789584847
797	0.467540789584847
798	0.467540789584847
799	0.467540789584847
800	0.467540789584847
801	0.545217950982605
802	0.545217950982605
803	0.545217950982605
804	0.545217950982605
805	0.545217950982605
806	0.545217950982605
807	0.545217950982605
808	0.545217950982605
809	0.545217950982605
810	0.545217950982605
811	0.545217950982605
812	0.545217950982605
813	0.545217950982605
814	0.545217950982605
815	0.545217950982605
816	0.545217950982605
817	0.545217950982605
818	0.545217950982605
819	0.545217950982605
820	0.545217950982605
821	0.545217950982605
822	0.545217950982605
823	0.545217950982605
824	0.545217950982605
825	0.545217950982605
826	0.545217950982605
827	0.545217950982605
828	0.545217950982605
829	0.545217950982605
830	0.545217950982605
831	0.545217950982605
832	0.545217950982605
833	0.545217950982605
834	0.545217950982605
835	0.545217950982605
836	0.545217950982605
837	0.545217950982605
838	0.545217950982605
839	0.545217950982605
840	0.545217950982605
841	0.545217950982605
842	0.545217950982605
843	0.545217950982605
844	0.545217950982605
845	0.545217950982605
846	0.545217950982605
847	0.545217950982605
848	0.545217950982605
849	0.545217950982605
850	0.545217950982605
851	0.545217950982605
852	0.545217950982605
853	0.545217950982605
854	0.545217950982605
855	0.545217950982605
856	0.545217950982606
857	0.545217950982606
858	0.545217950982606
859	0.545217950982606
860	0.545217950982606
861	0.545217950982606
862	0.545217950982606
863	0.545217950982606
864	0.545217950982606
865	0.545217950982606
866	0.545217950982606
867	0.545217950982606
868	0.545217950982606
869	0.545217950982606
870	0.545217950982606
871	0.545217950982606
872	0.545217950982606
873	0.545217950982606
874	0.545217950982606
875	0.545217950982606
876	0.545217950982606
877	0.545217950982606
878	0.545217950982606
879	0.5261428168079
880	0.5261428168079
881	0.5261428168079
882	0.5261428168079
883	0.5261428168079
884	0.5261428168079
885	0.52992395568809
886	0.52992395568809
887	0.52992395568809
888	0.52992395568809
889	0.52992395568809
890	0.52992395568809
891	0.52992395568809
892	0.52992395568809
893	0.52992395568809
894	0.52992395568809
895	0.557054755548094
896	0.557054755548094
897	0.557054755548094
898	0.557054755548094
899	0.557054755548094
900	0.557054755548094
901	0.557054755548094
902	0.557054755548094
903	0.550343220300969
904	0.550343220300969
905	0.550343220300969
906	0.550343220300969
907	0.550343220300969
908	0.550343220300969
909	0.529680839187048
910	0.529680839187048
911	0.529680839187048
912	0.529680839187048
913	0.529680839187048
914	0.540343729450776
915	0.540343729450776
916	0.540343729450776
917	0.540343729450776
918	0.540343729450776
919	0.540343729450776
920	0.540343729450776
921	0.524813320091601
922	0.524813320091601
923	0.524813320091601
924	0.524813320091601
925	0.524813320091601
926	0.524813320091601
927	0.524813320091601
928	0.524813320091601
929	0.524813320091601
930	0.524813320091601
931	0.524813320091601
932	0.524813320091601
933	0.524813320091601
934	0.524813320091601
935	0.524813320091601
936	0.524813320091601
937	0.524813320091601
938	0.524813320091601
939	0.524813320091601
940	0.524813320091601
941	0.524813320091601
942	0.524813320091601
943	0.524813320091601
944	0.524813320091601
945	0.524813320091601
946	0.524813320091601
947	0.524813320091601
948	0.524813320091601
949	0.524813320091601
950	0.524813320091601
951	0.524813320091601
952	0.524813320091601
953	0.524813320091601
954	0.524813320091601
955	0.524813320091601
956	0.524813320091601
957	0.524813320091601
958	0.524813320091601
959	0.524813320091601
960	0.524813320091601
961	0.524813320091601
962	0.524813320091601
963	0.524813320091601
964	0.524813320091601
965	0.524813320091601
966	0.524813320091601
967	0.524813320091601
968	0.524813320091601
969	0.524813320091601
970	0.524813320091601
971	0.524813320091601
972	0.524813320091601
973	0.524813320091601
974	0.524813320091601
975	0.524813320091601
976	0.524813320091601
977	0.524813320091601
978	0.524813320091601
979	0.524813320091601
980	0.524813320091601
981	0.524813320091601
982	0.524813320091601
983	0.524813320091601
984	0.524813320091601
985	0.524813320091601
986	0.524813320091601
987	0.524813320091601
988	0.524813320091601
989	0.524813320091601
990	0.524813320091601
991	0.524813320091601
992	0.524813320091601
993	0.524813320091601
994	0.524813320091601
995	0.524813320091601
996	0.524813320091601
997	0.524813320091601
998	0.524813320091601
999	0.524813320091601
1000	0.524813320091601
1001	0.44423621590887
1002	0.44423621590887
1003	0.44423621590887
1004	0.44423621590887
1005	0.44423621590887
1006	0.44423621590887
1007	0.44423621590887
1008	0.44423621590887
1009	0.44423621590887
1010	0.44423621590887
1011	0.44423621590887
1012	0.44423621590887
1013	0.44423621590887
1014	0.44423621590887
1015	0.44423621590887
1016	0.44423621590887
1017	0.44423621590887
1018	0.44423621590887
1019	0.44423621590887
1020	0.44423621590887
1021	0.44423621590887
1022	0.44423621590887
1023	0.44423621590887
1024	0.44423621590887
1025	0.44423621590887
1026	0.44423621590887
1027	0.44423621590887
1028	0.44423621590887
1029	0.44423621590887
1030	0.44423621590887
1031	0.44423621590887
1032	0.44423621590887
1033	0.44423621590887
1034	0.44423621590887
1035	0.44423621590887
1036	0.44423621590887
1037	0.44423621590887
1038	0.44423621590887
1039	0.44423621590887
1040	0.444236215908871
1041	0.44423621590887
1042	0.44423621590887
1043	0.44423621590887
1044	0.44423621590887
1045	0.44423621590887
1046	0.44423621590887
1047	0.44423621590887
1048	0.44423621590887
1049	0.44423621590887
1050	0.44423621590887
1051	0.44423621590887
1052	0.44423621590887
1053	0.44423621590887
1054	0.44423621590887
1055	0.44423621590887
1056	0.44423621590887
1057	0.44423621590887
1058	0.444236215908871
1059	0.444236215908871
1060	0.44423621590887
1061	0.44423621590887
1062	0.44423621590887
1063	0.44423621590887
1064	0.44423621590887
1065	0.44423621590887
1066	0.44423621590887
1067	0.44423621590887
1068	0.44423621590887
1069	0.44423621590887
1070	0.44423621590887
1071	0.44423621590887
1072	0.44423621590887
1073	0.44423621590887
1074	0.44423621590887
1075	0.44423621590887
1076	0.44423621590887
1077	0.44423621590887
1078	0.44423621590887
1079	0.453862084851555
1080	0.453862084851555
1081	0.453862084851555
1082	0.453862084851555
1083	0.453862084851555
1084	0.453862084851555
1085	0.459222815512182
1086	0.459222815512182
1087	0.459222815512182
1088	0.459222815512182
1089	0.459222815512182
1090	0.459222815512182
1091	0.459222815512182
1092	0.459222815512182
1093	0.459222815512182
1094	0.459222815512182
1095	0.497037669778793
1096	0.497037669778793
1097	0.497037669778793
1098	0.497037669778793
1099	0.497037669778793
1100	0.497037669778793
1101	0.497037669778793
1102	0.497037669778793
1103	0.533665546682412
1104	0.533665546682412
1105	0.533665546682412
1106	0.533665546682412
1107	0.533665546682412
1108	0.533665546682412
1109	0.562540770475557
1110	0.562540770475557
1111	0.562540770475557
1112	0.562540770475557
1113	0.562540770475557
1114	0.570994829044028
1115	0.570994829044028
1116	0.570994829044028
1117	0.570994829044028
1118	0.570994829044028
1119	0.570994829044028
1120	0.570994829044028
1121	0.593689685991913
1122	0.593689685991913
1123	0.593689685991913
1124	0.593689685991913
1125	0.593689685991913
1126	0.593689685991913
1127	0.593689685991913
1128	0.593689685991913
1129	0.593689685991913
1130	0.593689685991913
1131	0.593689685991913
1132	0.593689685991913
1133	0.593689685991913
1134	0.593689685991913
1135	0.593689685991913
1136	0.593689685991913
1137	0.593689685991913
1138	0.593689685991913
1139	0.593689685991913
1140	0.593689685991913
1141	0.593689685991913
1142	0.593689685991913
1143	0.593689685991913
1144	0.593689685991913
1145	0.593689685991913
1146	0.593689685991913
1147	0.593689685991913
1148	0.593689685991913
1149	0.593689685991913
1150	0.593689685991913
1151	0.593689685991913
1152	0.593689685991913
1153	0.593689685991913
1154	0.593689685991913
1155	0.593689685991913
1156	0.593689685991913
1157	0.593689685991913
1158	0.593689685991913
1159	0.593689685991913
1160	0.593689685991913
1161	0.593689685991913
1162	0.593689685991913
1163	0.593689685991913
1164	0.593689685991913
1165	0.593689685991913
1166	0.593689685991913
1167	0.593689685991913
1168	0.593689685991913
1169	0.593689685991913
1170	0.593689685991913
1171	0.593689685991913
1172	0.593689685991913
1173	0.593689685991913
1174	0.593689685991913
1175	0.593689685991913
1176	0.593689685991913
1177	0.593689685991913
1178	0.593689685991913
1179	0.593689685991913
1180	0.593689685991913
1181	0.593689685991913
1182	0.593689685991913
1183	0.593689685991913
1184	0.593689685991913
1185	0.593689685991913
1186	0.593689685991913
1187	0.593689685991913
1188	0.593689685991913
1189	0.593689685991913
1190	0.593689685991913
1191	0.593689685991913
1192	0.593689685991913
1193	0.593689685991913
1194	0.593689685991913
1195	0.593689685991913
1196	0.593689685991913
1197	0.593689685991913
1198	0.593689685991913
1199	0.593689685991913
1200	0.593689685991913
1201	0.172140333024124
1202	0.172140333024124
1203	0.172140333024124
1204	0.172140333024124
1205	0.172140333024124
1206	0.172140333024124
1207	0.172140333024124
1208	0.172140333024124
1209	0.172140333024124
1210	0.172140333024124
1211	0.172140333024124
1212	0.172140333024124
1213	0.172140333024124
1214	0.172140333024124
1215	0.172140333024124
1216	0.172140333024124
1217	0.172140333024124
1218	0.172140333024124
1219	0.172140333024124
1220	0.172140333024124
1221	0.172140333024124
1222	0.172140333024124
1223	0.172140333024124
1224	0.172140333024124
1225	0.172140333024124
1226	0.172140333024124
1227	0.172140333024124
1228	0.172140333024124
1229	0.172140333024124
1230	0.172140333024124
1231	0.172140333024124
1232	0.172140333024124
1233	0.172140333024124
1234	0.172140333024124
1235	0.172140333024124
1236	0.172140333024124
1237	0.172140333024124
1238	0.172140333024124
1239	0.172140333024124
1240	0.172140333024124
1241	0.172140333024124
1242	0.172140333024124
1243	0.172140333024124
1244	0.172140333024124
1245	0.172140333024124
1246	0.172140333024124
1247	0.172140333024124
1248	0.172140333024124
1249	0.172140333024124
1250	0.172140333024124
1251	0.172140333024124
1252	0.172140333024124
1253	0.172140333024124
1254	0.172140333024124
1255	0.172140333024124
1256	0.172140333024124
1257	0.172140333024124
1258	0.172140333024124
1259	0.172140333024124
1260	0.172140333024124
1261	0.172140333024124
1262	0.172140333024124
1263	0.172140333024124
1264	0.172140333024124
1265	0.172140333024124
1266	0.172140333024124
1267	0.172140333024124
1268	0.172140333024124
1269	0.172140333024124
1270	0.172140333024124
1271	0.172140333024124
1272	0.172140333024124
1273	0.172140333024124
1274	0.172140333024124
1275	0.172140333024124
1276	0.172140333024124
1277	0.172140333024124
1278	0.172140333024124
1279	0.16999157564275
1280	0.16999157564275
1281	0.16999157564275
1282	0.16999157564275
1283	0.16999157564275
1284	0.16999157564275
1285	0.164475371857361
1286	0.164475371857361
1287	0.164475371857361
1288	0.164475371857361
1289	0.164475371857361
1290	0.164475371857361
1291	0.164475371857361
1292	0.164475371857361
1293	0.164475371857361
1294	0.164475371857361
1295	0.180051027625126
1296	0.180051027625126
1297	0.180051027625126
1298	0.180051027625126
1299	0.180051027625126
1300	0.180051027625126
1301	0.180051027625126
1302	0.180051027625126
1303	0.20994634061283
1304	0.20994634061283
1305	0.20994634061283
1306	0.20994634061283
1307	0.20994634061283
1308	0.20994634061283
1309	0.237719843586997
1310	0.237719843586997
1311	0.237719843586997
1312	0.237719843586997
1313	0.237719843586997
1314	0.278268548636226
1315	0.278268548636226
1316	0.278268548636226
1317	0.278268548636226
1318	0.278268548636226
1319	0.278268548636226
1320	0.278268548636226
1321	0.317220856680051
1322	0.317220856680051
1323	0.317220856680051
1324	0.317220856680051
1325	0.31722085668005
1326	0.31722085668005
1327	0.31722085668005
1328	0.31722085668005
1329	0.31722085668005
1330	0.31722085668005
1331	0.31722085668005
1332	0.31722085668005
1333	0.31722085668005
1334	0.31722085668005
1335	0.31722085668005
1336	0.31722085668005
1337	0.31722085668005
1338	0.31722085668005
1339	0.31722085668005
1340	0.31722085668005
1341	0.31722085668005
1342	0.31722085668005
1343	0.31722085668005
1344	0.31722085668005
1345	0.31722085668005
1346	0.31722085668005
1347	0.31722085668005
1348	0.31722085668005
1349	0.31722085668005
1350	0.31722085668005
1351	0.31722085668005
1352	0.31722085668005
1353	0.31722085668005
1354	0.31722085668005
1355	0.31722085668005
1356	0.31722085668005
1357	0.31722085668005
1358	0.31722085668005
1359	0.31722085668005
1360	0.31722085668005
1361	0.31722085668005
1362	0.31722085668005
1363	0.31722085668005
1364	0.31722085668005
1365	0.31722085668005
1366	0.31722085668005
1367	0.31722085668005
1368	0.31722085668005
1369	0.31722085668005
1370	0.31722085668005
1371	0.31722085668005
1372	0.31722085668005
1373	0.31722085668005
1374	0.317220856680051
1375	0.317220856680051
1376	0.317220856680051
1377	0.31722085668005
1378	0.31722085668005
1379	0.31722085668005
1380	0.31722085668005
1381	0.31722085668005
1382	0.31722085668005
1383	0.31722085668005
1384	0.31722085668005
1385	0.31722085668005
1386	0.31722085668005
1387	0.31722085668005
1388	0.31722085668005
1389	0.31722085668005
1390	0.31722085668005
1391	0.31722085668005
1392	0.31722085668005
1393	0.31722085668005
1394	0.31722085668005
1395	0.31722085668005
1396	0.31722085668005
1397	0.31722085668005
1398	0.31722085668005
1399	0.31722085668005
1400	0.31722085668005
1401	0.609075174743607
1402	0.609075174743607
1403	0.609075174743607
1404	0.609075174743607
1405	0.609075174743607
1406	0.609075174743607
1407	0.609075174743607
1408	0.609075174743607
1409	0.609075174743607
1410	0.609075174743607
1411	0.609075174743607
1412	0.609075174743607
1413	0.609075174743607
1414	0.609075174743607
1415	0.609075174743607
1416	0.609075174743607
1417	0.609075174743607
1418	0.609075174743607
1419	0.609075174743607
1420	0.609075174743607
1421	0.609075174743607
1422	0.609075174743607
1423	0.609075174743607
1424	0.609075174743607
1425	0.609075174743607
1426	0.609075174743607
1427	0.609075174743607
1428	0.609075174743607
1429	0.609075174743607
1430	0.609075174743607
1431	0.609075174743607
1432	0.609075174743607
1433	0.609075174743607
1434	0.609075174743607
1435	0.609075174743607
1436	0.609075174743607
1437	0.609075174743607
1438	0.609075174743607
1439	0.609075174743607
1440	0.609075174743607
1441	0.609075174743607
1442	0.609075174743607
1443	0.609075174743607
1444	0.609075174743607
1445	0.609075174743607
1446	0.609075174743607
1447	0.609075174743607
1448	0.609075174743607
1449	0.609075174743607
1450	0.609075174743607
1451	0.609075174743607
1452	0.609075174743607
1453	0.609075174743607
1454	0.609075174743607
1455	0.609075174743607
1456	0.609075174743607
1457	0.609075174743607
1458	0.609075174743607
1459	0.609075174743607
1460	0.609075174743607
1461	0.609075174743607
1462	0.609075174743607
1463	0.609075174743607
1464	0.609075174743607
1465	0.609075174743607
1466	0.609075174743607
1467	0.609075174743607
1468	0.609075174743607
1469	0.609075174743607
1470	0.609075174743607
1471	0.609075174743607
1472	0.609075174743607
1473	0.609075174743607
1474	0.609075174743607
1475	0.609075174743607
1476	0.609075174743607
1477	0.609075174743607
1478	0.609075174743607
1479	0.581995416373962
1480	0.581995416373962
1481	0.581995416373962
1482	0.581995416373962
1483	0.581995416373962
1484	0.581995416373962
1485	0.585257810322649
1486	0.585257810322649
1487	0.58525781032265
1488	0.585257810322649
1489	0.585257810322649
1490	0.585257810322649
1491	0.585257810322649
1492	0.585257810322649
1493	0.585257810322649
1494	0.585257810322649
1495	0.550648624325611
1496	0.550648624325611
1497	0.550648624325611
1498	0.550648624325611
1499	0.550648624325611
1500	0.550648624325611
1501	0.550648624325611
1502	0.550648624325611
1503	0.520978839796086
1504	0.520978839796086
1505	0.520978839796086
1506	0.520978839796086
1507	0.520978839796086
1508	0.520978839796086
1509	0.498937388833748
1510	0.498937388833748
1511	0.498937388833748
1512	0.498937388833748
1513	0.498937388833748
1514	0.493590576484435
1515	0.493590576484435
1516	0.493590576484435
1517	0.493590576484435
1518	0.493590576484435
1519	0.493590576484435
1520	0.493590576484435
1521	0.467540789584847
1522	0.467540789584847
1523	0.467540789584847
1524	0.467540789584847
1525	0.467540789584847
1526	0.467540789584847
1527	0.467540789584847
1528	0.467540789584847
1529	0.467540789584847
1530	0.467540789584847
1531	0.467540789584847
1532	0.467540789584847
1533	0.467540789584847
1534	0.467540789584847
1535	0.467540789584847
1536	0.467540789584847
1537	0.467540789584847
1538	0.467540789584847
1539	0.467540789584847
1540	0.467540789584847
1541	0.467540789584847
1542	0.467540789584847
1543	0.467540789584847
1544	0.467540789584847
1545	0.467540789584847
1546	0.467540789584847
1547	0.467540789584847
1548	0.467540789584847
1549	0.467540789584847
1550	0.467540789584847
1551	0.467540789584847
1552	0.467540789584847
1553	0.467540789584847
1554	0.467540789584847
1555	0.467540789584847
1556	0.467540789584847
1557	0.467540789584847
1558	0.467540789584847
1559	0.467540789584847
1560	0.467540789584847
1561	0.467540789584847
1562	0.467540789584847
1563	0.467540789584847
1564	0.467540789584847
1565	0.467540789584847
1566	0.467540789584847
1567	0.467540789584847
1568	0.467540789584847
1569	0.467540789584847
1570	0.467540789584847
1571	0.467540789584847
1572	0.467540789584847
1573	0.467540789584847
1574	0.467540789584847
1575	0.467540789584847
1576	0.467540789584847
1577	0.467540789584847
1578	0.467540789584847
1579	0.467540789584847
1580	0.467540789584847
1581	0.467540789584847
1582	0.467540789584847
1583	0.467540789584847
1584	0.467540789584847
1585	0.467540789584847
1586	0.467540789584847
1587	0.467540789584847
1588	0.467540789584847
1589	0.467540789584847
1590	0.467540789584847
1591	0.467540789584847
1592	0.467540789584847
1593	0.467540789584847
1594	0.467540789584847
1595	0.467540789584847
1596	0.467540789584847
1597	0.467540789584847
1598	0.467540789584847
1599	0.467540789584847
1600	0.467540789584847
